actual,predicted
38897.0,37968.496
211.0,672.94415
117699.0,203361.95
701.0,-679.4621
3276.0,2700.034
1701.0,448.69025
63229.0,39656.445
8670.0,7903.0654
352411.0,299150.16
318.0,1225.6824
1112.0,1796.7878
81965.0,157771.98
25516.0,33882.53
7628.0,17674.47
614.0,1916.4558
10933.0,10760.839
633.0,2168.0183
2462.0,3640.2722
1846.0,1871.0574
6113.0,3361.9402
8898.0,5594.093
5168.0,1919.3894
841.0,334.55353
642.0,2500.0496
610.0,519.5887
56380.0,80268.76
136216.0,98083.17
23954.0,24111.738
241.0,2566.909
245703.0,372645.66
493.0,7070.3115
95194.0,84180.2
1414.0,-1054.3918
904.0,2603.8816
138435.0,155783.69
1274.0,869.7801
817.0,4344.327
7140.0,5947.081
1839.0,2735.5457
7557.0,10865.339
574.0,3780.9011
920.0,1021.75665
1128.0,2750.1628
790.0,708.3934
8264.0,6432.909
1375.0,1082.0105
2313.0,2268.9167
45137.0,43495.016
2683.0,1412.2605
1786.0,1412.1394
5031.0,12348.522
24561.0,38835.73
241.0,-346.74725
618.0,556.80743
71288.0,70862.445
4285.0,5588.5225
943.0,1676.7683
52445.0,65896.59
1454.0,3023.366
5146.0,2256.8113
871.0,1345.3035
173856.0,175026.78
52069.0,66701.51
26809.0,42718.973
20484.0,11885.845
7902.0,7903.1943
4283.0,6716.3115
3868.0,3997.7917
48466.0,38348.047
11913.0,13080.796
133101.0,274637.3
1744.0,3312.53
1179.0,4514.8154
1420.0,3591.5847
12146.0,20324.742
1686.0,3570.452
177.0,384.9129
13891.999999999996,5102.718
1007.0,1311.1628
47880.0,65735.69
106777.0,156825.25
1269.0,2183.3113
87744.0,101236.31
4351.0,155.409
2150.0,3171.1042
23124.0,30873.867
2897.0,2304.534
773.0,2540.4675
89463.0,82447.51
2521.0,6869.468
50288.0,36173.17
16524.0,16601.625
2683.0,4526.124
1376.0,-7.712099
5892.0,2520.7097
519.0,714.366
766.0,1510.4363
3185.0,1846.491
732.0,2337.9128
128842.0,96498.71
875.0,1513.4519
21209.0,16335.247
1464.0,2124.1277
2672.0,5257.2725
23187.0,51944.652
761.0,-425.16522
1568.0,2862.3699
29746.0,24671.6
870.0,1672.6511
72145.0,96120.836
10907.999999999996,7408.882
2465.0,1465.6433
595.0,1960.2527
759.0,1711.4089
1230.0,4749.659
48.0,365.04962
2204.0,3191.0066
103906.0,184845.22
1080.0,4384.7764
3264.0,2713.9011
642.0,899.05743
26897.0,28311.717
2595.0,1968.4988
0.0,828.0848
1545.0,1104.9714
218023.0,175818.5
5011.0,6893.0537
5865.0,3162.7214
0.0,-2450.8333
561.0,-667.3254
24493.0,26020.938
2283.0,5314.8154
2516.0,3150.6667
2231.0,4193.784
2237.0,903.116
1199.0,2993.3074
0.0,-2188.841
505.0,965.93243
28838.0,30855.715
232222.0,354701.3
22834.0,54765.977
6543.0,8238.581
299721.0,186420.2
676.0,802.31134
104400.0,91405.336
80142.0,87241.875
1373.0,5144.5693
1114.0,379.36212
2390.0,4003.4714
1808.0,1931.9753
38438.0,42706.562
108462.0,84776.91
3323.0,4452.038
149727.0,144072.52
86398.0,121178.625
2071.0,4287.003
455807.0,566150.25
6652.0,7609.3
30592.0,29172.283
5812.0,4237.2217
1410.0,2107.9167
1590.0,2153.5144
473112.00000000006,291292.66
73110.0,41557.78
460.0,988.1512
17802.0,14908.407
668.0,1323.8855
725.0,4667.4756
154523.0,142615.8
20686.0,38973.273
45137.0,23825.53
14452.000000000004,9679.778
1406.0,2481.616
7914.0,8163.8193
2242.0,5439.7803
147564.0,126530.55
1024.0,2379.9949
2538.0,7025.167
1155.0,1817.991
11332.000000000004,10615.526
1801.0,4034.194
12062.0,20816.48
5567.0,6921.425
6243.0,5532.542
1441.0,1817.5066
952.0,1266.8035
3284.0,1604.1785
8963.0,12123.704
11309.999999999996,10568.356
4630.0,7054.5615
7308.0,12266.669
44303.0,37380.008
32403.0,22553.129
1535.0,4533.4326
88965.0,91439.82
899.0,-911.18475
87113.0,116792.016
1737.0,2101.0144
1003.0,3270.034
14718.0,7579.7764
0.0,5460.702
977.0,2288.8464
1214.0,-344.86835
1314.0,3314.7175
1155.0,2911.819
536.0,-376.01678
69584.0,88416.82
2039.0,3782.5847
9284.0,10789.038
1.0,5951.37
55469.0,29450.342
3865.0,7082.8545
2303.0,5178.823
4765.0,5384.9326
79617.0,135163.17
2390.0,3850.9324
7223.0,16123.692
1296.0,2772.362
1273.0,1924.2917
3089.0,3431.2058
984.0,2024.6941
1550.0,2051.4128
3858.0,6082.3467
152325.0,185846.05
5505.0,6486.948
25094.0,15798.548
1982.0,3968.7996
514.0,-1388.5364
7077.0,12284.394
1902.0,-158.47382
20897.0,26534.082
193523.0,135810.39
3447.0,2583.073
1354.0,1188.4128
10243.000000000004,10275.253
14673.0,21193.34
3042.0,-17.133974
1198.0,3408.5847
1503.0,3952.6082
1893.0,3109.405
10245.0,12559.063
10945.0,14092.198
82828.0,87051.3
1010.0,1520.8113
2434.0,8422.347
12504.000000000004,11429.206
559.0,3471.5535
996.0,1300.0066
205190.0,244151.81
4869.0,3024.78
1389.0,3342.6199
38547.0,37830.367
309690.0,396139.3
1690.0,1911.5027
1681.0,3210.78
8927.0,2673.7605
1991.0,2231.5378
529.0,1664.5339
565.0,3288.2058
2445.0,2215.366
1216.0,2062.323
1420.0,1852.3699
21494.0,19049.75
2215.0,6034.8
1776.0,4979.089
1804.0,4621.714
1214.0,254.67853
802.0,1501.7566
6824.0,509.75275
15889.0,20079.613
32696.0,16881.637
2140.0,3714.448
26490.0,17371.436
143961.0,145306.0
192097.0,244513.08
2037.0,4133.288
12463.000000000004,13749.634
669.0,640.75275
146896.0,147166.08
2840.0,2159.323
290098.0,370285.97
458.0,261.31525
642623.0,592164.0
2790.0,1841.2488
89220.0,106608.586
44844.0,38733.1
93154.0,83157.82
794.0,4155.6787
18959.0,16776.982
814.0,863.18634
11943.0,16246.257
2593.0,6200.675
1883.0,2268.1511
139916.0,225536.2
25481.0,59496.617
1039.0,1301.1042
7050.0,17154.186
13182.0,6849.956
4155.0,3155.159
150516.0,162621.52
6390.0,16185.167
4641.0,6270.835
536.0,1408.9363
4848.0,4192.3896
8343.0,6381.909
47545.0,50297.027
97151.0,65158.09
18501.0,46657.74
1454.0,2592.198
1784.0,2399.3464
2914.0,6348.21
8269.0,18719.695
9613.0,16248.108
22196.0,29489.05
5423.0,6385.796
73.0,-1035.7786
39612.0,44716.453
3242.0,7376.0146
2303.0,4140.0537
1859.0,179.55743
31168.0,22357.436
1333.0,3468.534
137445.0,299365.9
46.0,-291.7121
245662.0,203037.95
3080.0,5980.374
1364.0,1074.5222
1159.0,1356.9597
142375.0,172268.84
28944.0,51222.61
2662.0,1742.0339
590.0,2955.4128
6686.0,8870.093
3686.0,8774.312
2661.0,1079.9988
435310.0,634166.3
98.0,1928.2449
81.0,-387.75116
22907.0,21174.518
1138.0,4752.659
179759.0,139343.58
1335.0,2700.8894
6829.0,5958.659
1723.0,4339.7256
165.0,-141.09491
6496.0,7950.534
677.0,1485.3191
78.0,107.68634
3957.0,8581.765
159554.0,270819.4
41023.0,62923.77
2061.0,251.76837
8854.0,9301.171
1106.0,1247.5652
2886.0,1217.2957
5626.0,10573.5205
1538.0,2940.1628
1008.0,587.7957
12770.0,8315.624
11888.0,11110.304
2954.0,4955.171
30566.0,50341.297
4168.0,4552.4795
3542.0,1663.0652
5915.0,9120.815
80441.0,91222.51
33849.0,29991.105
745.0,1640.1199
476227.00000000006,363332.78
2606.0,1023.51056
9712.0,6993.878
1005.0,2486.0886
1253.0,1842.5261
1496.0,3253.6355
384843.0,363536.62
264013.00000000006,180709.89
4703.0,13540.659
32246.0,31536.42
24092.0,32630.82
98931.0,106995.82
1703.0,-1428.4504
8239.0,9224.339
8418.0,6278.546
7792.0,9358.157
3312.0,3993.9363
29714.0,17486.973
2234.0,4273.366
11470.0,11546.274
18014.0,14865.642
1430.0,2270.9402
124759.0,88214.17
17745.0,14083.511
47150.0,73579.805
12851.000000000004,11650.782
116559.0,134687.64
1007.0,-265.0949
1881.0,4289.7607
1749.0,2221.1472
124604.0,115065.16
10686.0,5905.3
1739.0,1945.112
55554.0,40663.273
2231.0,5060.2334
131136.0,138433.27
4254.0,6036.593
1042.0,4748.6396
1030.0,2795.8152
4106.0,7076.995
4553.0,7113.71
6025.0,2871.53
230533.0,238889.64
9892.0,9391.999
3194.0,4804.542
27753.0,35120.082
49230.0,54287.97
103529.0,158644.66
1113.0,3122.0496
24983.0,45804.406
531.0,998.93634
341139.0,457779.75
102092.0,111080.86
70996.0,87958.65
23523.0,12233.438
1385.0,2205.6238
84276.0,87293.6
493.0,1017.3973
1537.0,3326.5964
730.0,1572.7996
1832.0,6500.5537
4035.0,8352.308
9198.0,5789.0576
4814.0,8605.823
19207.0,32046.234
3878.0,4528.491
694.0,1640.8386
115005.0,123261.6
10915.999999999996,7302.4834
59956.0,49443.125
5600.0,7108.8
181264.0,231487.34
138983.0,102524.81
35470.0,49922.086
1914.0,7792.8584
103.0,732.284
4452.0,5449.839
933.0,3070.8972
2656.0,2093.7722
75807.0,103131.36
808.0,1967.198
45437.0,40876.812
112809.0,90386.766
780.0,1442.5378
88634.0,135307.72
10669.999999999996,10586.866
2965.0,3801.2292
4367.0,2747.5964
0.0,-847.2043
43586.0,20050.922
460905.0,314325.75
3852.0,2596.1199
8137.0,6957.1943
504.0,-2444.5598
133817.0,294637.5
39989.0,54072.227
617.0,6421.5615
152943.0,118491.71
1629.0,5034.6943
4310.0,5632.2764
9118.0,3986.3777
539578.0,375694.6
11752.999999999996,10094.194
9320.999999999996,10022.669
8395.0,5485.5693
1261.0,812.55743
1251.0,883.07306
34243.0,40493.344
48.0,157.1004
3181.0,11970.962
65733.0,40110.41
428169.0,299018.53
8386.0,6562.2646
1989.0,1788.323
651.0,2195.0027
105201.0,73512.21
2562.0,1694.073
3001.0,2619.0027
1213219.0,994007.8
3956.0,7663.7295
84929.0,91935.11
719.0,2752.0066
6118.0,8777.882
6955.0,7083.9287
1482.0,878.8309
1898.0,2992.2292
247390.0,164714.39
20467.0,18846.863
14424.000000000004,8557.925
45900.0,30914.357
1186.0,3000.4636
662.0,2668.2449
323.0,-800.0207
1420.0,1498.8191
6147.0,3405.7527
3482.0,7190.995
1231.0,3416.0535
1260.0,2941.573
12658.0,16082.2295
2260.0,10624.411
1771.0,1744.2488
2925.0,7207.0615
395.0,1536.7605
3522.0,1675.4949
2230.0,4138.6123
66458.0,82301.76
1147.0,1768.8699
1119.0,2545.2644
1437.0,1818.5925
84354.0,63364.03
0.0,11237.368
1161.0,3146.4128
12701.000000000004,11472.335
10739.000000000004,5981.7764
1554.0,2471.8425
2051.0,1425.4675
23189.0,18463.652
2440.0,-643.81366
702.0,2363.2058
12398.0,5089.2803
15874.0,8558.698
1486.0,1799.7097
0.0,2121.2175
3061.0,3527.78
31754.0,23506.365
1350.0,-66.473816
2328.0,651.9871
4283.0,4424.593
10565.0,9633.452
81578.0,81445.74
42370.0,67003.46
3035.0,4021.9949
835.0,3793.9675
1053.0,4047.9636
196228.0,225530.16
126963.0,87764.65
3267.0,4325.9873
1091.0,2771.241
1139.0,3456.2292
9295.000000000004,12153.052
18269.0,19102.72
230863.0,229674.23
7600.0,7029.3857
27718.0,31008.79
16476.0,20177.232
2748.0,4460.4014
13779.0,18777.627
210.0,844.06134
833.0,729.616
1091483.0,815306.5
1282.0,-33.497253
245079.0,221260.66
134357.0,209652.25
714.0,2086.1902
5964.0,2065.737
241889.0,242309.39
10574.999999999996,31736.514
727.0,1126.1042
6551.0,10722.688
986.0,4370.202
1267.0,1337.0535
1695.0,2959.5105
36809.0,84464.26
737.0,1183.3777
17285.0,19998.97
1101.0,1645.8269
6473.0,7198.366
77582.0,75009.164
1867.0,1908.655
1575.0,5766.7256
835.0,2440.1511
5373.0,6683.292
770.0,516.5887
2485.0,1618.4988
4274.0,4953.831
7009.0,10764.286
6426.0,6169.7295
1621.0,1489.6628
44252.0,30056.252
3084.0,2636.5417
138008.0,131147.67
3852.0,3900.655
2355.0,8769.667
19324.0,23119.63
166613.0,133832.88
13583.0,15509.427
55030.0,69159.98
0.0,-1192.6614
3244.0,3298.5457
1059.0,-852.7238
41160.0,20194.314
5653.0,5032.7295
169006.0,292583.12
1120.0,1343.1785
10233.999999999996,10450.833
163.0,-1675.1262
1207.0,2169.8152
9784.0,4861.9365
2215.0,3174.0652
1388.0,3546.4167
14436.0,16780.059
1010.0,167.94806
92949.0,74170.62
1602.0,2940.0925
690.0,-164.6535
72208.0,80612.88
140141.0,109545.81
1601.0,1654.5496
15934.0,9470.483
1178.0,2619.2175
1130.0,3202.5574
1548.0,3658.0613
331663.0,451995.9
1869.0,4427.464
1666.0,3628.9675
978.0,1911.9207
15487.0,17061.227
8187.0,15551.714
22302.0,22543.115
36554.0,51764.895
1624.0,8813.374
2487.0,872.7098
1047.0,1590.9402
50850.0,95021.21
1323.0,3583.784
9189.0,2892.1785
1218.0,3045.4167
685.0,2088.909
43814.0,30261.236
2745.0,4346.339
80403.0,112965.44
509.0,886.4559
2522.0,2382.323
2329.0,10218.509
172565.00000000003,170858.8
12505.0,33526.316
271658.0,160349.05
195706.0,351096.0
19.0,873.19415
113167.0,85400.04
78939.0,100266.15
6043.0,8302.558
444224.0,408715.47
1264.0,2310.9558
883.0,1939.0378
2857.0,3163.6667
2020.0,12800.356
1162.0,1881.1433
1559.0,1031.1277
1340.0,3740.6511
1240.0,2010.3035
1099.0,-609.1965
16228.0,14065.429
87268.0,80344.32
867.0,659.4754
47036.0,24895.45
751.0,1542.0691
895.0,881.659
145.0,100.2879
146652.0,200421.52
92690.0,187682.56
3900.0,4142.417
45352.0,33864.457
1737.0,2341.991
1238.0,1518.7292
157799.0,309406.44
23704.0,22433.482
32948.0,45675.63
144920.0,50995.555
1328.0,1519.5574
20141.0,14688.56
38208.0,41727.16
6616.0,8413.257
20503.0,22895.975
1001.0,3050.9207
4899.0,2840.991
644.0,1786.2292
69.0,2071.9558
1616.0,1446.7917
1175.0,1881.2644
95713.0,58188.977
1319.0,1815.9246
5882.0,8977.3
1366.0,2249.7683
76466.0,133210.69
7841.0,7463.288
16929.0,14280.073
14209.0,18741.691
82589.0,53257.03
601.0,1644.1355
2039.0,4347.3076
2057.0,5010.1006
502.0,1202.7058
926.0,1529.2878
3308.0,3889.1667
42528.0,28712.479
280376.0,312150.4
492.0,1856.737
1632.0,2142.7292
65171.0,113107.46
613.0,989.75665
4626.0,2586.9011
30446.0,38557.16
1815.0,3729.4675
2520.0,3131.9949
185132.0,151636.25
204.0,-230.01678
2128.0,2084.2605
54238.0,51071.84
1147.0,4148.9014
1.0,38.62384
3966.0,4578.745
1001.0,103.81134
2375.0,3725.4402
242.0,2119.5652
67389.0,55751.39
1223.0,4582.952
2444.0,3291.5105
4955.0,3023.4558
24556.0,58726.645
23849.0,43181.516
9643.000000000004,9551.9795
1430.0,3570.9792
3328.0,8238.772
5080.0,3942.5144
1193.0,1457.0886
85280.0,69740.984
1214.0,3211.0496
1290.0,1020.88165
2833.0,6844.1475
4582.0,1697.1824
13625.999999999996,13620.61
815.0,2010.8972
1341.0,2045.1785
19310.0,9454.347
146024.0,164050.3
187.0,447.71368
154768.0,186078.64
407.0,-364.17694
430.0,-1815.384
5015.0,3891.5027
103.0,218.58868
1573.0,221.87384
796.0,12329.667
5441.0,4350.843
9037.0,16928.205
34909.0,83143.16
2870.0,5178.667
752.0,2235.8152
8398.0,26562.055
98469.0,65156.812
132304.0,140467.19
1808.0,2037.948
14112.0,18595.012
9483.0,4822.675
1257.0,1452.2058
95074.0,118470.81
2448.0,6150.4717
3175.0,10690.53
4087.0,5271.468
51129.0,76862.87
878.0,2928.444
1184.0,2508.7996
3228.0,6207.198
3393.0,2283.2214
45226.0,19617.33
919.0,1606.0261
338870.0,408909.5
1298.0,1072.9128
7025.0,9858.257
77632.0,68352.484
5611.0,7854.1006
76812.0,98216.13
1708.0,5377.8193
4149.0,3810.2996
95554.0,176328.69
180686.0,176656.72
9195.0,11969.015
464.0,-900.5207
151001.0,95507.586
29931.0,34297.375
2707.0,1843.9832
1803.0,2908.3464
16485.0,14400.384
481033.00000000006,289597.38
2481.0,4556.659
18830.0,20699.713
663.0,-1876.9309
112455.0,81982.22
1835.0,2124.8816
7199.0,8758.534
12413.999999999996,5604.4717
4947.0,11021.216
221268.0,163382.17
2260.0,1165.4792
73837.0,81947.305
383.0,858.31525
11309.999999999996,8635.28
1696.0,1344.8777
1202.0,2774.8542
25761.0,46391.473
23266.0,24246.39
5165.0,6475.1123
14258.0,20621.158
2323.0,6183.0576
10199.0,7053.87
110872.0,87041.445
1519.0,2631.1238
869.0,-210.88397
115126.0,92288.27
2769.0,2034.4246
850.0,3720.327
10655.0,7772.249
4959.0,941.0301
488.0,2852.194
10980.0,12665.122
1673.0,9724.007
63202.0,46105.695
1097.0,1982.116
961.0,1309.491
2565.0,2320.3503
152206.00000000003,95580.39
75902.0,91747.836
2148.0,-314.69257
459.0,1162.3347
479.0,580.31915
27887.0,20581.354
1860.0,2708.1511
731.0,1092.1277
2214.0,4693.792
474879.99999999994,442972.22
129225.0,60801.977
114978.0,169890.19
121853.0,105470.43
541.0,-221.03632
671.0,-418.50116
41290.0,47436.227
48595.0,78051.73
6081.0,8296.519
166611.00000000003,107446.24
1159.0,2127.4207
1045.0,3687.0964
14272.0,18103.305
160062.0,166725.64
4597.0,4685.702
975.0,7686.5264
97891.0,93822.055
38398.0,40165.156
2259.0,3203.7136
3258.0,5429.2217
3882.0,3455.0964
69394.0,74091.46
1907.0,3942.866
12038.0,9309.462
1150.0,124.24884
1386.0,391.79962
3414.0,4221.1436
39063.0,47725.31
4708.0,3579.6238
2514.0,2091.1355
8956.0,13531.927
1396.0,1361.4285
1350.0,3007.7761
292595.0,412613.22
6213.0,13125.22
9502.0,10001.534
726.0,2817.3816
55236.0,101883.47
1263.0,1763.405
993.0,1967.1667
62885.0,163022.56
2096.0,5332.042
6255.0,16024.183
1659.0,7001.1045
440763.0,353293.4
136008.0,214061.0
222387.0,314934.38
512.0,-42.372253
185.0,484.45587
24329.0,23690.78
270298.0,171164.22
59710.0,80086.695
787.0,1303.0496
3516.0,5055.3506
11183.0,10278.067
331418.0,413181.75
1351.0,839.88165
211852.0,169339.19
708.0,4225.7373
5003.0,6564.1553
1139.0,921.6668
673.0,1458.8816
1648.0,1415.8699
82469.0,108725.47
58581.0,278674.22
151930.00000000003,98634.695
927.0,2132.1277
2341.0,7531.0615
135.0,1165.6082
42464.0,19630.09
1336.0,-430.97382
7943.0,9845.562
46304.0,63963.91
13857.999999999996,21472.434
2445.0,4302.3857
29711.0,30524.266
1946.0,1877.8113
778.0,633.2332
11956.0,2725.577
282554.0,311157.5
52943.0,72669.98
1303.0,1073.03
2735.0,2822.6082
19340.0,17507.25
81809.0,36034.695
1836.0,3505.8503
1435.0,576.534
1517.0,2649.53
2342.0,3231.8816
60834.0,51483.914
13.0,-337.25897
1419.0,1562.9753
2450.0,4602.839
1025.0,2159.3542
1718.0,4486.71
3713.0,3005.0652
892.0,4311.9834
104647.0,113060.38
1824.0,1562.6628
907.0,1158.8425
77952.0,76202.04
1283.0,393.7293
780.0,3807.698
14089.999999999996,6606.3857
2344.0,5937.5693
2774.0,7026.991
114398.0,181681.27
1634.0,3607.198
155977.0,125245.875
742.0,1600.8777
1468.0,704.37775
1703.0,5330.823
2898.0,3669.1628
37804.0,45703.656
41136.0,33404.38
38782.0,36275.75
1978.0,3834.1472
27586.0,33219.074
5561.0,2433.8386
1374.0,1770.655
1669.0,3130.6628
42354.0,69795.72
359.0,861.909
6024.0,7588.1396
169896.0,156650.4
98.0,3165.034
244394.0,243857.83
304916.0,268662.84
4131.0,5869.413
5654.0,1093.3269
155.0,979.4051
3152.0,2751.5925
1076.0,852.88165
19496.0,12984.612
4475.0,5944.491
1077.0,2028.4363
1452.0,-450.54413
32387.0,27491.105
457.0,1780.6785
19792.0,22051.414
101113.0,110878.266
130157.0,118960.53
6002.0,4228.1436
1061.0,59.88556
45007.0,47748.707
9101.0,5565.921
51895.0,51868.66
17619.0,4745.663
10211.0,8208.093
38914.0,82435.664
15715.0,9332.255
101.0,1277.0066
20330.0,24722.514
3206.0,2041.2917
28748.0,28996.1
24105.0,21998.45
3051.0,1913.6472
99787.0,182829.89
489.0,2470.8113
800.0,2985.5574
214236.0,276702.25
104015.0,131766.8
248743.0,237663.67
17569.0,21920.035
1157.0,351.07306
63.0,875.6082
3744.0,3980.7058
1385.0,4342.425
11289.0,7389.788
2113.0,1526.3816
115608.0,93153.0
1378.0,1982.5808
2070.0,2984.4246
7400.0,6609.7725
5165.0,7014.909
4286.0,5470.4834
23231.0,24238.377
88.0,2134.0105
46327.0,44477.574
127368.0,108517.37
1531.0,3543.7136
117800.0,102778.16
691.0,1094.6238
63450.0,133849.69
8370.0,12722.581
121495.0,87888.055
8062.0,7990.5615
633.0,-596.12616
2554.0,2800.3074
664.0,942.1434
23003.0,32109.453
51602.0,33105.055
1692.0,2471.659
7586.0,4145.366
28838.0,11590.878
38850.0,17592.807
117919.0,119379.13
11887.0,14388.333
3882.0,4093.241
1075.0,2484.0457
682.0,2742.8035
2864.0,5457.6787
6762.0,3394.6902
5259.0,4893.9287
1498.0,1804.5535
104336.0,166410.36
719.0,1318.7605
19184.0,19127.896
85604.0,121036.0
3340.0,4141.0107
33202.0,48021.508
14095.999999999996,27729.717
86809.0,113309.21
1328.0,2000.2996
908.0,2433.7136
4972.0,1922.7332
1095.0,1613.1785
577.0,2786.827
1237.0,3861.991
870.0,3100.6433
1046.0,2582.866
1519.0,2138.2917
320.0,560.76447
1192.0,6818.167
44426.0,55164.207
2203.0,2557.0378
2531.0,-46.141785
7736.0,5082.632
71426.0,85980.14
1406.0,211.54181
953.0,2729.2722
652.0,269.92462
204.0,-983.37225
1847.0,4339.241
42294.0,24424.879
2637.0,-95.591
74429.0,87560.5
60209.0,48402.77
2049.0,3473.8464
39167.0,17323.658
990.0,5245.917
32652.0,19018.85
37650.0,69159.63
600.0,944.2879
32596.0,26563.988
1071.0,2115.4167
7544.0,7223.7256
532.0,-123.661316
159.0,1501.3425
1419.0,4059.1082
2302.0,1677.53
0.0,-5459.1963
572886.0,290843.3
363.0,552.1473
518.0,2676.3894
5618.0,5095.753
1790.0,1867.8816
0.0,-2517.638
1089.0,2418.9792
4029.0,4325.2217
1337.0,2461.5925
2929.0,2215.6003
259.0,-1408.8372
1470.0,1128.5535
122044.0,77580.72
108889.0,118412.695
3380.0,4839.5967
18.0,928.7254
26766.0,18031.746
1818.0,2929.9246
27029.0,19557.146
1550.0,2410.5496
37235.0,39281.344
8070.0,8351.562
1256.0,1498.7761
864.0,2565.5652
754.0,1454.0691
82021.0,118358.22
667.0,1011.93243
1138.0,1246.7605
1271.0,4729.874
34057.0,46214.996
934.0,543.4793
1628.0,2602.2644
871.0,1119.4636
46.0,1407.5144
4742.0,3444.1394
410.0,1094.9675
275.0,3916.5105
3480.0,1897.9128
613.0,4555.71
190125.0,174077.83
2809.0,10588.501
17305.0,22862.885
496.0,1503.405
14555.0,31555.932
1458.0,1734.7214
255702.0,215978.2
2301.0,3176.53
7877.0,8656.253
1934.0,2388.7566
138963.0,109553.89
1315.0,1620.03
58673.0,62995.07
158262.0,214699.8
13214.0,17951.986
842.0,2127.6824
104709.0,120940.21
171490.0,204923.3
18431.0,7686.8506
14115.0,6982.081
4404.0,7833.202
1429.0,3528.487
965.0,2367.2917
4130.0,7181.5146
151161.0,147358.3
103456.0,83964.03
0.0,-2615.4739
65449.0,50601.305
164899.0,162420.1
1024.0,616.87384
6369.0,9338.179
2298.0,7164.6787
3542.0,2927.0261
3622.0,4203.7686
2388.0,1044.823
39491.0,73099.836
46753.0,64619.63
991.0,1374.8894
9134.0,18070.605
1534.0,2829.1394
10907.999999999996,18121.547
20378.0,23234.287
106466.0,139886.88
5169.0,4222.675
753.0,1185.5222
50384.0,42056.414
1651.0,1200.1394
14127.0,21001.22
71447.0,98044.5
9107.0,11114.981
54549.0,69863.945
2165.0,2815.6902
6675.0,3592.6746
3872.0,5498.5537
1544.0,-94.954285
1450.0,697.1004
1293.0,4291.171
285397.0,460961.1
129296.0,115693.01
1587.0,1917.073
25505.0,33072.066
412.0,682.4598
87880.0,35490.59
15457.0,8031.7373
17703.0,14532.55
473.0,-247.64569
1503.0,2456.2644
2382.0,4018.8542
2998.0,7343.413
12063.0,8475.503
814746.0,668142.2
93465.0,87311.13
1191.0,3025.2527
1551.0,6784.4365
6226.0,9200.269
10285.0,9028.085
61299.0,65443.793
5078.0,4341.6123
546.0,-1020.19257
4398.0,2638.948
24723.0,26387.143
48065.0,29784.617
24380.0,7788.9443
84714.0,105019.07
544036.0,726741.7
1321.0,2895.3347
1809.0,2814.237
6755.0,7755.542
979.0,324.14728
8866.0,8221.858
2230.0,247.36212
1056.0,3128.741
17580.0,71512.945
12771.0,18511.27
10757.0,3675.5066
2099.0,6358.968
982.0,1030.8816
65748.0,88517.09
4583.0,6051.6006
50.0,3533.6316
11723.0,8100.1553
2492.0,3143.4714
1464.0,4074.159
5924.0,6178.327
8849.0,5966.6904
14561.000000000004,13213.897
982.0,378.64728
6675.0,6808.9834
34718.0,39810.547
138797.0,187003.19
5889.0,8450.776
832.0,4609.624
22232.0,11102.517
109226.0,116567.914
10136.0,20133.715
19144.0,16036.253
843.0,1127.2644
181657.0,210530.39
2447.0,2358.8035
1057.0,765.7371
791.0,-527.25507
7236.0,9559.69
240550.0,272248.16
11189.000000000004,24299.7
3435.0,3804.2996
634.0,1467.1277
737.0,637.86993
2579.0,4512.7764
1708.0,3534.5417
808.0,-134.32928
640.0,-417.5324
8606.0,12510.47
1658.0,3122.9324
1480.0,3905.0105
672.0,2122.7996
4059.0,2204.491
563.0,4637.8
1898.0,7070.3975
14.0,-244.66522
344205.0,439510.12
3117.0,3409.612
3190.0,2305.491
1753.0,3015.1824
15676.0,5099.0225
3954.0,5012.1045
182660.0,167173.6
3675.0,4162.042
343755.0,453512.62
468.0,429.3504
110584.0,156713.45
1590.0,2348.8972
17667.0,11006.95
8497.0,5922.003
2481.0,4678.6045
124529.0,120848.61
136716.0,116310.36
794.0,74.38556
2237.0,1782.4246
2633.0,6524.3115
184151.0,126940.195
110635.0,130677.88
1765.0,1520.8035
119055.0,90451.12
5790.0,352.31134
11.0,-3937.7004
89620.0,133654.84
1700.0,3009.2332
9450.0,1685.991
48506.0,51482.6
29210.0,13702.835
79579.0,90563.74
12004.0,14793.866
2938.0,4943.6357
187321.0,186555.34
133850.0,151647.81
2333.0,3543.2761
95236.0,185378.31
375155.0,352095.88
608.0,448.67853
641.0,866.7137
481011.00000000006,488340.12
1749.0,287.69415
639.0,3414.573
480.0,1089.5222
3207.0,2288.6785
90954.0,79684.945
1900.0,449.44415
1976.0,581.94806
288088.0,217273.84
233544.0,219008.31
284741.0,338290.66
3119.0,7557.1826
22942.0,25427.148
26039.0,33042.39
6156.0,9230.839
598.0,-38.290222
1206.0,1263.8777
196957.0,210845.67
4924.0,8306.101
908.0,329.06525
3832.0,6242.468
716.0,1507.9753
1227.0,4261.4326
30606.0,28973.54
2171.0,3930.8152
2194.0,617.13556
52747.0,57494.656
468.0,1537.3464
108.0,2906.655
0.0,-3138.0286
2533.0,5466.788
9416.0,6906.034
27016.0,21444.291
149864.0,110482.516
3315.0,7789.085
12391.0,15281.513
728.0,1632.1355
968.0,-456.38007
1153.0,592.7215
16444.0,22942.193
73886.0,57811.89
15739.0,19033.953
1640.0,6630.573
6702.0,7341.6436
5548.0,8382.562
119095.0,111088.75
2798.0,1688.6472
1428.0,1386.7761
86925.0,145192.42
2290.0,2411.4597
2029.0,5819.6514
315316.0,266409.16
20127.0,21373.453
102335.0,97566.99
16821.0,12114.11
59266.0,45052.395
20034.0,24222.916
73823.0,111658.66
515925.00000000006,407261.62
3034.0,5172.8975
5735.0,12221.63
15359.0,13747.706
210012.0,299107.72
1563.0,2048.3933
4743.0,14445.39
33.0,-916.6965
4507.0,9483.071
2741.0,2505.405
1565.0,1422.7097
3164.0,3346.6863
1855.0,1548.8542
658.0,2447.7097
1654.0,1998.5496
2088.0,5054.5654
2183.0,2588.4636
2079.0,2839.9714
1097.0,1491.4402
3146.0,9449.72
4986.0,6795.382
7829.0,16962.105
78990.0,94041.71
0.0,-813.1691
2859.0,3269.5964
921.0,389.8543
785.0,1851.8074
7947.0,7493.5693
93555.0,115471.08
3124.0,1808.1628
1911.0,3164.5613
35349.0,20492.656
6138.0,5755.995
1389.0,2318.6277
4865.0,4111.1865
4728.0,3332.9988
892.0,4391.8545
3691.0,9035.046
1083.0,1941.4988
2178.0,72.99884
220039.0,230075.89
121117.0,143701.83
14170.999999999996,27948.479
1374.0,1487.2527
52420.0,46232.043
17492.0,9263.485
2564.0,4324.1357
8016.0,7426.1787
18359.0,39408.86
1303.0,-817.99725
62718.0,69660.73
2831.0,3312.241
2049.0,2808.784
38360.0,25866.002
254174.0,149510.23
11333.0,15956.224
5421.0,5630.5264
2788.0,3227.069
847.0,926.7957
133762.0,139334.03
1136.0,1022.2996
14136.999999999996,17838.74
16128.0,21789.338
13548.0,1158.7761
23577.0,20844.03
81275.0,90907.96
1444.0,907.8543
771424.0,549833.56
936.0,3253.8503
72890.0,78215.91
20328.0,4166.4287
1897.0,2776.2175
7822.0,6531.546
1047.0,2087.6902
67505.0,43673.82
2354.0,-1332.1145
1585.0,2440.3894
429.0,1801.9128
108578.0,120439.72
1754.0,1438.5144
976.0,-435.85272
67168.0,60526.08
105593.0,156529.77
2616.0,4137.878
3202.0,5952.6865
1673.0,2686.6042
62573.0,75352.47
474.0,2500.323
66935.0,106414.96
21690.0,40148.863
402.0,6924.956
2617.0,3467.741
21739.0,33506.13
231143.0,171177.73
2777.0,1388.9207
1592.0,2702.905
4156.0,10719.196
7794.0,6786.495
393.0,1882.5925
968.0,2270.5144
25974.0,23476.863
6747.0,7316.624
141405.0,129553.46
543.0,-628.55585
1278.0,3644.5613
4324.0,3821.4753
810.0,627.6551
4424.0,181.04572
1817.0,2246.5574
81670.0,170423.12
1021.0,2752.6277
139620.0,120836.87
3302.0,4809.4443
351948.0,459820.22
1859.0,4454.749
26291.0,14752.128
15685.0,29468.195
642.0,2312.5183
273350.00000000006,265207.25
2044.0,2244.3816
50694.0,48686.734
2074.0,-278.716
22250.0,18485.24
1720.0,8678.452
34108.0,41525.78
40769.0,76394.9
8812.0,1940.9402
3439.0,3984.2917
934.0,1577.3425
1674.0,5507.581
2539.0,2485.4011
635.0,201.18243
4519.0,2912.4675
1315.0,3313.6472
19830.0,9563.552
1280.0,1505.741
1175.0,2659.5574
29609.0,26471.602
5228.0,2880.9128
731.0,1134.8738
861.0,4322.21
1160.0,-479.841
67245.0,42641.395
773.0,1877.5105
471.0,1582.6902
312.0,1415.7019
883.0,1219.0964
4498.0,3993.6316
314450.0,216257.92
19437.0,19918.049
379.0,1013.0926
4317.0,8117.538
713.0,35.45587
67531.0,86766.67
1443.0,2719.827
3376.0,4263.7373
5854.0,7967.9287
8339.0,8433.874
22993.0,5373.409
1243.0,2593.194
58.0,-519.0324
2781.0,3332.6863
1023.0,1538.1472
4010.0,3747.237
1313.0,2030.6941
1617.0,3064.8933
1973.0,2449.5652
60239.0,67360.164
13147.0,12098.466
11768.000000000004,6867.1396
2166.0,1865.8582
38933.0,56423.418
10742.0,14068.569
505.0,1965.6902
1374.0,-377.35272
439998.0,273794.44
16141.0,12836.528
1169.0,454.44806
6138.0,2067.6902
65165.0,52569.004
10872.0,5384.6826
1610.0,3643.073
2447.0,2277.5613
863.0,1176.9675
32780.0,13968.556
22512.0,4523.8584
54715.0,34518.523
1282.0,1799.9675
510.0,1628.737
6258.0,5752.4717
3256.0,3633.2253
4984.0,2892.573
5865.0,6844.823
938.0,1497.9636
1354.0,2007.5261
1783.0,6483.546
2853.0,1446.948
1234.0,4550.116
1862.0,1278.9792
470886.00000000006,324902.84
440837.0,396612.9
2838.0,3004.4324
4382.0,8163.6865
1103.0,1442.9832
2521.0,2818.6394
22366.0,22337.936
7235.0,4344.4365
1781.0,917.5809
2549.0,742.99493
11836.000000000004,8157.8896
711.0,3450.7878
2116.0,3044.4597
6252.0,12507.03
3181.0,2994.9558
7016.0,8095.7725
2823.0,296.92072
3249.0,3428.8699
988.0,1649.0808
18480.0,38767.652
722.0,1965.3972
100781.0,98598.34
985.0,3186.6667
2012.0,134.56915
7080.0,9274.515
1337.0,1589.9441
1950.0,1979.0574
175712.0,162523.14
763.0,3187.7488
2104.0,1727.0652
4241.0,4234.6475
1387.0,4692.343
2690.0,2243.0613
3229.0,2143.1863
10274.0,24626.504
662.0,-114.8996
592.0,211.74493
6900.0,1551.4792
3023.0,6553.8154
989.0,1597.0222
38849.0,30136.021
97292.0,164701.39
995.0,100.41681
2772.0,5207.7373
109322.0,129007.14
3003.0,3365.2136
681.0,2341.8347
3470.0,4909.9795
3212.0,3432.4597
5170.0,4410.3506
121188.0,120882.195
13842.0,4779.218
50.0,-435.23163
70.0,-367.92303
949.0,1360.8542
612.0,636.44025
76409.0,39930.324
3508.0,2707.7957
223656.0,217093.58
12522.0,28144.852
4844.0,8159.9834
6977.0,4360.624
198144.0,282499.78
12316.0,32263.664
6202.0,6931.7725
14.0,-2329.9895
193682.0,218247.47
85227.0,125679.56
3722.0,5139.1514
1921.0,1187.9597
69454.0,87412.9
110249.0,101908.18
1156.0,1483.362
164998.0,95715.805
3561.0,3934.5886
1686.0,2143.991
2454.0,2682.5066
159638.0,214908.12
734.0,2619.819
169376.0,106901.016
8104.0,14236.522
6353.0,8523.858
21397.0,27634.938
67710.0,102069.664
8475.0,21083.95
12381.000000000004,9905.663
426.0,7442.3857
59186.0,35136.754
3951.0,5304.8467
2073.0,2637.8894
138040.0,190754.95
1080.0,146.6004
68833.0,73492.01
2241.0,4231.5615
41001.0,29211.066
5372.0,6063.7725
14761.0,12155.058
748.0,-1099.8918
3159.0,3206.6355
31991.0,52656.723
2076.0,2376.1199
4576.0,3308.694
594.0,955.2762
15052.0,15957.653
3491.0,262.4129
742.0,-455.49725
934.0,-57.63788
94112.0,37719.97
48294.0,61049.58
2315.0,2892.4753
4916.0,6947.4365
108270.0,117602.734
1447.0,3017.9402
19128.0,12636.538
191698.0,282479.75
5951.0,5811.9053
228016.0,231913.3
84661.0,65404.742
206981.0,238966.58
2432.0,5413.9287
24000.0,59137.19
8570.0,6035.8076
1455.0,4787.538
1273.0,398.36993
804.0,-88.2121
2159.0,2944.452
6613.0,14125.001
13778.000000000004,26919.666
4353.0,5017.7686
630760.0,691944.25
2725.0,11796.171
3243.0,5279.1084
6065.0,5070.952
1497.0,4512.882
8944.0,9507.542
2515.0,3131.4832
4639.0,8913.37
2375.0,1971.866
10260.999999999996,3686.2488
4287.0,10874.626
1221.0,2439.2761
3321.0,2934.8933
154009.00000000003,215294.42
75173.0,106408.21
38068.0,34963.2
1288.0,2033.5339
2270.0,2341.0457
503.0,3234.9207
16660.0,13373.892
12665.0,25842.764
188785.0,134237.84
544704.9999999999,456380.6
17153.0,17235.83
53424.0,86169.59
4159.0,1776.6511
1265.0,1735.4089
17518.0,20839.727
193144.0,383021.75
334110.0,308789.62
7648.0,4590.452
2310.0,4546.1475
41849.0,93188.414
717.0,2424.7878
3413.0,2507.944
71256.0,67382.836
1614.0,2886.9675
1239.0,1251.6472
1975.0,1754.4441
3932.0,4133.698
3984.0,7509.1436
797.0,1137.5144
1297.0,655.8621
3413.0,17755.08
13173.0,14530.405
53924.0,43674.39
1647.0,4093.784
107168.0,171696.11
5373.0,2306.3972
1152.0,1491.2878
8294.0,5736.624
6556.0,7138.3545
756.0,2448.6863
1059.0,-574.384
458.0,1355.8425
49915.0,33093.023
29283.0,28836.146
827.0,-1568.7083
49299.0,43863.766
1797.0,4685.3584
170302.0,105849.31
9818.0,2335.1863
2548.0,3849.694
1295.0,1668.0378
1305.0,5577.046
577.0,567.1785
60542.0,101885.57
927.0,1290.9675
3295.0,2900.1824
726.0,1645.9714
0.0,-1013.1066
2012.0,4218.3936
165333.0,183685.72
69993.0,74610.086
805.0,1172.3933
1832.0,2107.2957
1057.0,2251.487
0.0,-1470.4114
5801.0,4152.718
2751.0,2735.6355
137.0,-787.2668
2161.0,1902.323
915.0,2642.702
3992.0,4365.753
695.0,1003.8387
1029.0,1878.9402
13001.000000000004,12089.595
24697.0,23239.482
562.0,756.4246
1139.0,-1509.9661
20335.0,30383.625
18057.0,9359.2295
1840.0,5924.2686
4398.0,2388.9167
23512.0,37166.773
110440.0,125679.6
119720.0,131830.69
875.0,2276.0535
117948.0,130968.81
4989.0,6709.0264
1122.0,4430.5537
473070.0,244856.05
123488.0,87412.51
241144.0,302621.97
165.0,1666.8308
1206.0,1477.6433
933.0,541.5965
4363.0,2465.194
6703.0,13026.349
42703.0,41543.99
1266.0,4286.0186
307585.0,328633.38
1592.0,2514.6082
5225.0,7508.8193
4572.0,4290.3584
837.0,959.25275
10356.0,4269.718
10353.0,7547.7686
73234.0,69752.62
0.0,16394.646
378.0,1286.8933
4556.0,5848.8857
2068.0,2342.819
640.0,382.9168
1922.0,3345.9714
37490.0,61025.773
10872.0,4755.2764
1585.0,-372.091
1189.0,136.92462
123892.0,96671.79
142.0,3318.1277
3878.0,4829.0576
678.0,888.0418
2512.0,2518.1433
2766.0,4826.6045
52623.0,56927.754
8793.0,11345.526
2087.0,5045.2256
5216.0,8316.851
38065.0,20422.229
626.0,2245.6316
6563.0,14064.644
1398.0,-138.5871
184121.0,260399.69
3894.0,5042.917
5514.0,8319.351
177716.0,124909.03
2626.0,4008.9167
7860.0,14092.083
902.0,10578.185
2423.0,4331.3
12913.000000000004,14517.907
51977.0,78001.164
1911.0,4196.749
80.0,2525.7527
3985.0,2424.362
1796.0,6380.5186
293145.0,188392.19
2896.0,2735.9675
22558.0,20541.785
7361.0,12936.261
1145.0,2350.6628
410.0,2845.4714
1097.0,2691.7488
3195.0,745.06134
10115.0,8315.772
1644.0,2402.0457
1606.0,2944.8933
1561.0,2419.1785
4040.0,5098.3076
777431.0,647656.94
1935.0,4436.0186
2462.0,5098.87
1362.0,1931.448
6355.0,7366.792
4895.0,7815.5225
623.0,2456.159
4032.0,6510.3076
2025.0,3271.6199
895.0,830.8934
2829.0,4015.8816
2880.0,4378.675
5689.0,5009.698
1236.0,1662.5691
888.0,1213.0691
3171.0,4703.175
55660.0,58424.625
175281.0,184435.66
2498.0,1711.7332
2251.0,1272.6628
873.0,-579.2863
41795.0,75071.95
582.0,1668.3503
25992.0,19052.973
1031.0,945.24884
585565.0,639751.75
1889.0,1679.7488
50682.0,50922.17
98261.0,51410.176
799.0,1718.0808
178226.0,149246.95
105585.0,130370.836
5717.0,4109.7725
862.0,1329.0496
35430.0,29212.969
810.0,3240.9714
1.0,-2134.1497
514.0,-875.31366
2882.0,2746.0144
296.0,302.94415
61106.0,28918.068
7186.0,1771.1902
160370.0,93299.8
784.0,255.97931
2067.0,680.4871
981.0,1699.78
185227.0,253960.16
36884.0,33891.35
605.0,1431.6199
528.0,-477.92694
1075.0,1802.7058
1678.0,2286.2917
60239.0,69012.57
722.0,-868.48553
75944.0,100873.305
4120.0,7307.9756
17567.0,24114.818
613.0,4131.8975
1958.0,3331.1628
3620.0,15752.298
1162.0,1878.1902
2523.0,12719.772
1966.0,188.88165
3307.0,13035.017
47389.0,33836.508
10422.0,7867.0576
0.0,-3116.5168
1960.0,4647.503
45989.0,30257.75
14695.999999999996,35190.812
528.0,1685.8855
1855.0,276.39728
38794.0,22422.828
987.0,2648.8542
18205.0,21836.98
18445.0,15471.659
1269.0,-1569.5208
98.0,-1761.3254
92527.0,125881.336
1418.0,3807.452
36036.0,42311.24
1278.0,2033.2878
29444.0,24095.201
88655.0,120197.78
4245.0,5740.007
1760.0,1410.8269
0.0,-2641.6301
106063.0,62117.844
6354.0,4114.7217
65694.0,33148.605
2377.0,2976.4128
43872.0,23819.377
210172.0,173087.77
2327.0,1492.5378
13482.999999999996,12362.138
1986.0,1878.155
29067.0,23959.812
816.0,268.36212
2864.0,3076.944
6252.0,5335.5615
5633.0,2647.452
3206.0,5379.253
168745.0,151876.5
5658.0,3030.3972
1100.0,1913.3347
14421.0,13813.042
84265.0,161071.1
2136.0,2773.8699
10884.0,12757.22
126862.0,96255.375
2035.0,1775.3347
9568.000000000004,-2526.0754
3668.0,2202.7136
2665.0,20768.52
4819.0,6859.159
265810.0,206830.03
19982.0,30502.133
83138.0,136697.69
4764.0,2648.241
1566.0,3257.3503
4190.0,4920.62
9775.0,11729.011
6529.0,5084.3545
3589.0,1781.8777
350943.0,457767.06
841.0,2694.952
1726.0,-1144.6301
353037.0,484271.0
2264.0,3019.1785
1988.0,-1783.9348
4924.0,5801.5615
59029.0,72543.18
2527.0,4374.753
7938.0,7386.081
2119.0,749.4871
780.0,2550.5183
7120.0,5934.5654
1387.0,62.869934
1910.0,1978.0222
13809.999999999996,10898.257
155252.0,85567.28
2098.0,2375.194
4737.0,3672.9402
1029.0,4280.4795
96771.0,113874.74
2561.0,3878.5847
28764.0,18210.219
14810.999999999996,12339.804
3597.0,2358.573
2598.0,2485.6042
22650.0,6745.55
14626.0,10255.325
74664.0,91946.875
14496.0,21308.246
202645.0,124580.6
8632.0,4644.241
1677.0,449.45197
887.0,170.72931
1302.0,2288.8582
31500.0,23091.004
68471.0,51253.797
195945.0,146943.0
70495.0,58092.727
1491.0,11627.804
22538.0,20608.576
1856.0,3228.8816
38315.0,59021.06
5126.0,3997.702
3880.0,13305.614
309899.0,329972.34
605.0,2026.5261
4721.0,10548.606
14.0,-926.7863
723.0,449.77618
3100.0,-366.966
66360.0,69595.734
228296.0,208208.6
65310.0,41218.824
1015.0,1952.155
851.0,823.93634
36796.0,51542.293
71352.0,62267.29
5989.0,10553.12
2682.0,5049.745
2466.0,3262.0144
1958.0,3349.0222
934.0,-1497.3684
636.0,1630.3855
1937.0,2819.6042
7242.0,11104.214
1826.0,1987.4949
1971.0,7000.7334
1146.0,3888.2292
954.0,1579.112
199759.0,248080.5
4476.0,17343.479
11233.0,25574.238
1989.0,3295.2527
147942.0,99647.57
5404.0,5816.296
4102.0,3132.909
672.0,-1735.2786
149757.00000000003,206372.66
34006.0,26743.201
247678.0,230190.0
7909.0,5229.503
1697.0,3471.8777
1184.0,2706.7722
4384.0,3412.9128
9184.0,8665.319
138509.0,92642.13
3343.0,6891.7686
0.0,-3278.1965
2234.0,4764.5693
1129.0,178.45197
1242.0,1361.5222
7469.0,10024.876
10624.000000000004,1189.6824
559.0,-298.5285
38374.0,41771.906
34910.0,41053.414
875.0,4360.327
1225.0,35.959778
2080.0,1090.8386
12603.999999999996,10715.009
27835.0,25055.625
7330.0,10738.671
57139.0,57722.945
91972.0,58469.754
0.0,-1781.5286
575.0,1326.8074
4855.0,5220.8076
1226.0,2174.3113
7907.0,8262.194
118055.0,85346.875
4308.0,7248.5303
11158.0,9478.603
132085.0,175396.56
345522.0,191483.14
62083.0,63253.008
12277.999999999996,4401.6084
2406.0,1519.6472
1317.0,3440.9363
5994.0,4131.163
80187.0,92141.69
3571.0,2586.034
10700.0,17557.172
5031.0,3619.8074
1902.0,2989.4207
31464.0,28013.09
928.0,-118.8996
235903.0,314421.47
478.0,2103.448
84882.0,83973.4
4860.0,7244.995
10689.0,14229.481
647.0,1412.6902
14603.0,23828.137
1028.0,-866.36053
43420.0,35051.94
7652.0,5824.796
1377.0,2972.4402
706.0,2661.1082
125664.0,168490.38
0.0,1797.9753
1519.0,2099.6707
18226.0,24504.926
4533.0,5384.62
1416.0,2507.3894
31947.0,25068.486
8902.0,4288.0186
1125.0,1287.0808
36754.0,28125.465
44360.0,51356.863
9940.0,6903.8154
101251.0,131714.0
1324.0,808.2293
709.0,3075.7175
186188.0,244716.14
6048.0,11851.026
1879.0,1998.0066
32.0,-492.35272
1109.0,877.534
3226.0,2828.327
3266.0,2607.1355
156.0,457.23322
34704.0,27073.256
1825.0,2503.4949
130809.0,182629.53
25970.0,44404.62
2821.0,5860.413
31002.0,29162.514
3730.0,4053.2097
1404.0,3934.448
763.0,1075.1863
31191.0,22634.377
2300.0,2779.7175
58315.0,39405.844
1705.0,4681.7217
8839.0,14924.626
797.0,3911.1433
292927.0,353287.94
9362.999999999996,10309.919
3314.0,857.3621
7885.0,5577.675
59372.0,159952.94
42076.0,54497.28
5100.0,20115.05
1080.0,1306.0183
4323.0,6714.6006
1543.0,1052.0691
1325.0,-787.62616
733.0,1851.4636
1942.0,4920.581
354170.0,272344.9
2066.0,3834.569
11585.0,12377.399
210.0,-1031.2747
84668.0,183771.44
680.0,83.0965
1553.0,3139.405
1258.0,4505.9873
2287.0,5512.2725
154398.0,207559.4
0.0,-1442.5364
5404.0,5615.331
712.0,864.5965
18389.0,18562.045
750.0,2446.6824
1537.0,644.0965
6978.0,7867.4795
124348.0,132930.47
1748.0,4772.0186
164013.0,219568.92
1228.0,2025.2175
5976.0,-3006.5168
10260.999999999996,9751.153
101817.0,129383.88
27107.0,27068.459
531.0,2576.0144
10.0,1099.2761
1886.0,4803.46
7377.0,3970.78
41.0,2158.4753
2681.0,3218.694
1711.0,3117.8894
8386.0,3292.0847
12383.0,11337.101
14492.000000000004,13798.087
8364.0,3986.5964
615.0,3127.2136
4391.0,5114.749
7430.0,11518.247
29425.0,31965.484
32723.0,33675.98
2527.0,1205.7253
2073.0,3031.8855
14111.000000000004,20461.234
8138.0,8243.292
620.0,2082.741
54984.0,59159.695
4325.0,5552.8154
3957.0,2275.7996
1617.0,6050.8936
27511.0,36238.918
1242.0,1293.0339
11850.000000000004,14996.944
932.0,2176.7097
10761.0,12559.446
1245.0,2396.448
198438.0,183094.12
2395.0,1283.8503
121105.0,172197.9
5842.0,11816.245
6395.0,4802.1553
142915.0,113706.19
182873.0,188883.4
1262.0,1920.4363
34280.0,46495.55
3425.0,6087.206
1101.0,2045.5027
1922.0,4438.8623
29123.0,31575.87
1793.0,2412.9363
165319.0,120091.51
9585.0,3307.4558
1079.0,-741.216
7854.0,18501.982
1737.0,2301.4246
30953.0,48547.082
7592.0,10183.595
614.0,3017.909
1983.0,6048.198
88628.0,104304.164
5245.0,4821.8506
57341.0,132812.81
9.0,1150.3386
565.0,1848.3738
50907.0,48074.34
1373.0,2412.9792
2222.0,2597.3425
19577.0,22667.242
4227.0,8402.757
914.0,2881.4597
1687.0,4372.034
133212.0,141087.25
1112.0,460.67462
29193.0,43710.74
4530.0,8928.429
4740.0,10005.575
2586.0,7866.753
985.0,694.8309
1166.0,1829.9988
518.0,3960.905
2672.0,6782.6475
1441.0,5831.4795
538.0,6822.0693
206.0,164.7215
748.0,898.26447
106477.0,98210.87
41770.0,60934.656
169611.0,284887.38
71221.0,78616.945
65062.0,78925.61
173622.0,321370.84
21547.0,39779.52
134956.0,301672.28
1526.0,1658.4558
1962.0,2709.5183
830.0,787.45197
13594.000000000004,11758.583
1471.0,1318.862
16506.0,18403.965
913.0,-243.04803
3439.0,4078.3386
54223.0,25000.9
354392.0,528258.1
204083.0,342964.03
2455.0,1789.9558
79402.0,137817.92
1614.0,4258.7764
4179.0,5332.132
1694.0,1957.2488
42523.0,74368.25
2468.0,3490.2097
715.0,134.33868
8545.0,10993.853
3797.0,4084.2175
153958.0,129986.93
1139.0,1357.0183
1469.0,1845.0339
1501.0,3996.2917
44313.0,127406.41
22449.0,22765.98
351577.0,383738.2
3332.0,3930.7722
3001.0,3721.6433
3297.0,880.241
2905.0,2234.0027
5102.0,13525.257
365.0,375.56915
55621.0,72591.74
4156.0,5933.3623
3839.0,7265.175
1036.0,2640.944
1484.0,2421.112
2244.0,4405.0654
551.0,600.6551
5229.0,4668.999
211412.0,142339.64
144.0,3712.0183
2994.0,4298.323
941.0,1809.8386
33092.0,29154.363
1594.0,1866.9988
806.0,-411.5324
12487.0,24854.11
81387.0,56684.527
13983.0,10362.5205
5082.0,6390.335
5366.0,5344.2725
6202.0,11807.993
5098.0,1441.7761
2947.0,2809.448
33803.0,38310.87
727.0,306.14728
775.0,680.1551
6684.0,9217.198
51755.0,51084.023
28745.0,22751.803
7677.0,6919.2607
13609.0,31803.064
2387.0,6081.5186
906.0,3686.1394
7289.0,19006.002
547641.0,517529.97
338139.0,612592.6
1121.0,1866.362
22065.0,35155.777
42.0,-138.48553
1178.0,5189.1123
140271.0,154831.2
3083.0,2425.3308
2269.0,4199.952
1154.0,1896.1433
19439.0,14053.575
904.0,2312.2332
125786.0,111288.91
69236.0,107276.445
1266.0,852.409
8704.0,15539.663
42185.0,55728.195
65997.0,67699.22
488.0,2454.5457
794.0,-317.00116
1514.0,5875.581
1614.0,1241.2761
63004.0,94282.516
16358.0,10631.5205
18007.0,17014.516
131949.0,100249.18
1662.0,4977.5107
1222.0,-611.6496
3378.0,4056.9988
81197.0,62986.348
1387.0,6026.495
1125.0,1453.8269
54724.0,35960.832
300771.0,229724.8
550.0,9636.005
2608.0,3875.3542
879.0,1582.7058
74903.0,81687.445
3616.0,1808.2136
2359.0,7538.593
8875.0,14237.856
2171.0,4233.577
10074.0,14684.538
1398.0,2100.3894
953.0,2080.155
731.0,738.4871
14677.000000000004,6975.214
2121.0,2759.9363
1613.0,636.4207
14894.000000000004,25879.494
2896.0,1229.5457
2463.0,2423.0144
2464.0,5256.87
1414.0,-296.06366
6106.0,5941.788
1214.0,2965.9011
113299.0,123295.47
182052.0,225163.95
2355.0,4004.5457
182880.0,213948.8
913.0,826.4754
30987.0,27503.79
8666.0,7515.6357
1626.0,2390.862
0.0,851.44025
1037939.9999999999,1168828.8
8512.0,11073.505
27536.0,25701.738
5817.0,12289.302
656.0,1028.1433
1987.0,2223.0183
3098.0,7918.6826
98904.0,33206.004
3660.0,10252.849
50036.0,48997.17
0.0,-2184.0793
268882.0,338015.9
533.0,3460.4402
31467.0,40838.523
1231.0,4715.5303
338824.0,295573.2
116259.0,115184.98
7385.0,6792.624
174273.0,155217.67
1290.0,1893.7488
575956.0,658661.06
7634.0,7366.0146
1567.0,1922.2683
1967.0,5656.116
69092.0,100603.33
452.0,815.56915
22151.0,21702.639
94288.0,78993.04
477530.0,354914.1
8839.0,11260.136
951.0,1739.7957
766.0,2628.1433
2510.0,4308.6787
28213.0,32193.6
10775.0,12311.349
104987.0,42692.72
33860.0,23871.98
835.0,2319.2605
5430.0,1284.6472
7675.0,5767.4404
5960.0,4520.0654
2190.0,2093.3386
994221.0,633563.2
1755.0,-499.16132
684802.0,563665.3
1309.0,2500.9636
1989.0,594.159
231.0,399.21368
917.0,2927.4285
1861.0,3223.2917
1002.0,2918.991
5153.0,3127.0027
1224.0,3132.616
521.0,2099.8972
372240.0,275018.78
2039.0,3425.9207
2761.0,9490.296
4354.0,6692.503
111495.0,127714.34
24370.0,24122.469
7859.0,9510.739
93865.0,94528.49
643.0,1525.2566
110578.0,275862.8
4775.0,7424.8
1699.0,2921.0261
26626.0,44200.414
2332.0,526.26447
690.0,1136.8347
2970.0,2526.534
193467.0,110305.68
5313.0,9559.007
87782.0,71564.46
41733.0,12176.528
677.0,-665.634
33127.0,17328.549
4660.0,4533.128
1735.0,2309.2722
37.0,-2083.2395
111.0,1376.0769
15771.0,17288.01
22425.0,27094.586
34869.0,29089.273
5613.0,9623.495
162815.0,113374.37
1719.0,2884.5105
10479.999999999996,9309.481
55378.0,61715.53
5577.0,19188.361
159608.0,131632.11
4178.0,5656.175
26969.0,16124.624
9630.000000000004,16970.422
445.0,1945.4949
303802.0,251664.95
551.0,535.37384
9666.0,8603.237
1348595.0,1019129.9
79554.0,78281.86
902.0,1733.9792
3169.0,2243.1042
21566.0,45159.777
22769.0,71236.8
739.0,2343.2996
13014.000000000004,9099.433
1286.0,464.08868
1714.0,1908.9675
1924.0,3635.2175
10499.999999999996,14915.325
162.0,1715.6082
712.0,3068.2878
5385.0,7448.9404
475.0,-428.4074
1769.0,2828.1746
1642.0,736.9871
17983.0,14663.839
13961.000000000004,25026.04
354.0,411.86212
1399.0,3668.3582
50255.0,53572.26
9646.0,12463.542
45151.0,49059.906
9.0,1591.8816
292.0,914.2098
4721.0,8432.304
189068.0,251442.52
1562.0,3424.194
3024.0,4992.1865
132545.0,153439.75
93211.0,55333.51
9124.0,7676.5303
1800.0,5113.7295
77324.0,46212.266
59815.0,47445.51
1188.0,4733.077
27811.0,12146.989
761142.0,511002.34
2122.0,2435.6707
3186.0,-147.55585
4588.0,4871.585
205916.0,297259.7
1003.0,8886.843
4756.0,5471.2803
4682.0,6680.1904
1251.0,968.9246
2902.0,1950.3972
1283.0,1711.9714
86673.0,136586.08
1852.0,1721.5339
130311.0,207461.33
288850.00000000006,217013.25
6893.0,13255.5205
102490.0,104193.84
1708.0,2425.0964
2935.0,6301.1357
773.0,2308.6511
7157.0,20643.861
1702.0,840.6043
4170.0,5545.9404
233954.0,277124.84
3843.0,4949.714
1185.0,3199.5847
72866.0,214503.83
6950.0,3976.0652
4086.0,4955.585
928.0,930.6512
2556.0,744.6629
9102.0,9626.603
175394.0,228480.61
0.0,129.284
57604.0,51050.582
38076.0,30027.6
483.0,975.2098
31299.0,45617.645
9407.0,10253.743
216963.0,166697.8
852.0,660.4559
2586.0,3835.0652
10224.0,7153.8467
439390.0,503423.94
252446.0,144805.88
3844.0,8962.085
2300.0,1450.2996
22688.0,19791.73
3252.0,3957.2214
1090.0,2887.8425
97511.0,124212.914
3456.0,9901.501
2407.0,5499.7725
635524.0,574817.5
1382.0,1955.4675
5296.0,14111.06
120711.0,161383.28
1033.0,6859.4014
116670.0,138630.67
547.0,1721.4675
3189.0,2791.116
4945.0,6215.3467
1174.0,-817.3254
54015.0,37400.87
11121.000000000004,5318.175
2980.0,2950.9363
602.0,2279.0027
161490.0,108354.89
7213.0,16657.545
9236.0,14068.218
1295.0,1261.1082
5746.0,4469.2607
2217.0,2599.28
4725.0,1171.0574
2602.0,1986.3152
1063.0,4062.8972
1302.0,-242.99725
6800.0,7248.378
172476.0,124467.8
518.0,-747.9504
1860.0,575.6082
8488.0,12277.8955
712.0,1927.0613
921.0,1731.823
2254.0,3292.4558
752777.0,394787.4
16638.0,11380.083
7411.0,2876.5066
22332.0,16919.691
1293.0,897.5496
101424.0,158364.27
6608.0,7592.1865
6742.0,6009.9834
34352.0,57132.59
1235.0,236.10431
4467.0,9085.901
21281.0,17351.781
1971.0,4686.749
6284.0,4842.9287
777.0,2003.8503
2470.0,2172.1667
22049.0,42691.69
4545.0,4957.62
82881.0,61469.2
88837.0,87517.664
6541.0,3099.9402
6337.0,8617.28
601.0,1681.7683
2121.0,5377.1396
78828.0,79599.734
646.0,1339.2917
115977.0,161582.7
2177.0,2349.8777
21448.0,21381.19
1728.0,1765.4792
8961.0,8053.7607
1948.0,3516.034
1999.0,1168.5925
1302.0,2558.5613
2923.0,5184.573
1670.0,4148.823
118175.0,88103.31
1478.0,2738.284
4093.0,3446.0144
14665.0,5813.089
364.0,5269.741
1578.0,1338.3855
854.0,3273.8503
33552.0,139206.16
96328.0,58883.984
51699.0,62238.77
486.0,2891.6746
1772.0,3052.2292
2638.0,4662.7256
4740.0,4514.9404
1260.0,1828.4207
1406.0,2998.4988
1278.0,792.32697
987.0,351.92853
117092.0,131255.81
7449.0,8045.6514
14190.999999999996,20490.129
101486.0,69922.875
0.0,1541.2292
894.0,1968.7292
11748.000000000004,14815.407
4468.0,4748.538
64782.0,65461.28
12892.000000000004,8398.46
709.0,1108.5964
12594.0,15672.063
41040.0,54595.312
3789.0,4636.835
1621.0,591.31915
1434.0,3487.2488
1112.0,6111.4795
440.0,1290.5339
482.0,1515.2644
1288.0,-466.04803
2631.0,3781.6277
485.0,-1498.4778
2362.0,1877.7878
4761.0,1654.9207
134253.0,134711.36
11670.999999999996,12810.894
1156.0,2535.073
2155.0,2799.6824
43544.0,43641.492
29367.0,39363.227
2011.0,5366.8506
1079.0,3048.7097
4401.0,841.70197
2236.0,3974.405
1002.0,1343.6902
11453.999999999996,29183.65
1860.0,2512.7761
19744.0,9756.208
4296.0,6337.7607
9732.000000000004,13573.364
664978.0,408199.0
2592.0,4634.1826
155689.0,114784.63
3001.0,7930.366
1972.0,4691.909
16938.0,14973.4795
3367.0,3264.5417
2122.0,7966.3
1293.0,2103.0144
6916.0,5658.671
1987.0,4513.8896
116391.0,84330.45
85790.0,61841.22
806.0,326.2918
3777.0,5497.3154
615.0,-305.0285
758.0,1441.3347
97429.0,93389.85
3715.0,3238.3777
50449.0,65540.64
20284.0,25033.686
4969.0,7073.659
169352.0,147588.31
4977.0,4336.675
762.0,984.6785
42858.0,20999.127
984.0,5248.218
2448.0,7116.702
347.0,-1207.009
2207.0,8899.233
252.0,3268.7566
12471.0,16887.03
624065.0,523051.6
575.0,-441.93475
2471.0,3602.487
150702.0,168333.36
1530.0,961.4754
49495.0,42012.637
1309.0,3266.7332
81463.0,62258.617
1258.0,664.8504
8042.0,9822.763
116.0,1636.9597
4780.0,9718.185
1.0,396.63947
17352.0,23092.701
171419.0,173386.0
1420.0,366.25665
1082844.0,955629.56
10400.0,12909.491
282.0,253.50275
3984.0,11245.2
2060.0,3110.4714
6613.0,6781.8
45622.0,68017.81
74990.0,107755.44
537.0,1946.741
1016.0,1906.0105
591.0,815.8387
855.0,419.76447
37847.0,57533.348
1497.0,4347.3193
549.0,-485.24725
431.0,409.44806
186049.0,119805.14
91772.0,56795.34
31322.0,74294.984
4630.0,4094.198
1235.0,2109.116
2214.0,1715.3933
865.0,2338.4988
75436.0,91985.88
698.0,1528.2214
12050.0,13695.341
29082.0,21124.674
122491.0,105942.2
2325.0,-303.94257
1080.0,2777.1511
198.0,564.9051
421.0,-586.966
4846.0,20190.268
4077.0,5299.425
126844.0,155173.67
2097.0,2698.7292
21623.0,10077.626
3015.0,4650.3936
24503.0,19375.285
4437.0,6389.3076
635.0,2156.0183
3533.0,6083.343
19589.0,45182.42
40549.0,61493.203
130298.0,171298.86
35651.0,38192.043
1611.0,5523.843
4845.0,4877.7256
7284.0,7081.8154
17500.0,21806.584
2438.0,3038.2644
62044.0,105177.12
6341.0,8272.464
1109.0,338.92072
3184.0,1653.8347
559.0,1264.4285
12120.999999999996,19052.693
2032.0,496.07697
141739.0,181963.38
736.0,-772.216
34744.0,61405.3
95119.0,137859.66
3573.0,3625.9167
246297.0,467306.4
1422.0,4533.3506
643.0,1137.0261
936.0,1649.9246
415149.0,285545.03
2498.0,3011.6707
9661.999999999996,5645.9365
854.0,1338.573
1975.0,1071.0886
2938.0,3138.0261
2976.0,6659.374
1001.0,664.38165
737.0,3066.2058
832.0,2736.784
150561.0,182597.55
13451.000000000004,16909.096
74168.0,35664.22
37030.0,27423.523
3920.0,3778.2449
20731.0,7248.1357
661.0,-704.9035
103825.0,85220.34
438581.0,477366.22
251724.0,213742.75
0.0,6155.495
181457.0,102049.1
1016.0,990.9832
1142.0,1940.698
916.0,603.25275
3525.0,8839.241
1283.0,1572.5496
2356.0,5023.9834
12883.0,11867.214
131685.0,82282.945
168609.0,160250.5
6582.0,8023.843
761.0,-112.673035
6667.0,12412.933
4849.0,5219.546
196337.0,258804.17
729.0,1009.2762
2581.0,7695.214
10571.0,27717.9
813.0,1689.7605
7736.0,25555.11
334.0,-112.29022
452781.0,357265.3
635.0,-803.4699
52985.0,72027.28
41740.0,58738.383
5310.0,7577.784
32070.0,55584.656
71540.0,96273.11
410739.0,291571.72
1267.0,1166.8386
4338.0,3582.1199
2343.0,3178.6628
2107.0,3432.8035
73067.0,89997.695
1642.0,6891.175
41025.0,46280.477
6606.0,4680.1514
66619.0,88881.76
4469.0,1446.991
8801.0,9828.577
193237.0,104610.47
7627.0,18737.695
6669.0,16622.107
195606.0,264282.44
39976.0,38423.633
31235.0,20450.6
593624.0,636204.6
4526.0,5597.8857
1769.0,2942.2136
299595.0,448565.53
1432.0,5649.3584
27938.0,17830.902
48440.0,62048.07
53819.0,43356.887
2148.0,2592.0925
11432.0,9576.886
993.0,4101.2607
1257.0,5005.1553
1128.0,2260.319
733.0,-2335.8137
7986.0,4279.3115
2405.0,994.50665
320593.0,409051.56
586.0,822.5535
47554.0,61042.562
182.0,-1006.0168
93405.0,113059.89
4176.0,6019.6943
218801.0,282487.38
3138.0,1600.698
1125.0,1473.7097
1377.0,2135.8074
1315.0,1659.5925
411.0,64.94025
11401.0,22735.8
32585.0,22522.172
3114.0,3070.3113
441771.0,597213.0
39715.0,26996.424
467.0,3386.2058
626.0,1189.6707
218384.0,233117.88
2744.0,3453.2136
375.0,-826.00116
64894.0,90051.93
31426.0,37003.195
3766.0,2654.8933
75218.0,78590.94
47223.0,92480.08
0.0,119.026184
2120.0,1024.5261
103650.0,213030.3
89630.0,129229.89
3738.0,4337.925
53723.0,93630.5
5499.0,2804.6667
3260.0,4082.034
19205.0,22055.07
217186.0,121927.51
97606.0,86344.125
11259.0,12507.534
4169.0,4253.5186
33735.0,21912.47
96277.0,100921.25
1787.0,1275.0886
114.0,1690.7878
24294.0,14264.429
946.0,1607.4949
118743.0,71946.305
150217.0,100089.98
151680.0,195856.84
735.0,1874.7605
69084.0,86596.65
1633.0,1953.4363
900.0,71.307434
576.0,248.85431
3727.0,2001.4089
15161.0,16343.565
13106.0,10632.427
10585.0,5965.089
591883.0,445067.28
60343.0,43072.27
4785.0,2900.5964
219482.0,340865.6
1860.0,4246.6826
200715.0,145079.84
759.0,1288.9753
63205.0,74763.336
830.0,5400.296
3952.0,4013.0652
22193.0,41456.918
42037.0,18454.385
6056.0,5875.3545
0.0,-810.7941
782.0,2391.8777
2982.0,3070.4597
361878.0,388260.75
401721.0,484399.94
1077.0,-642.42694
6143.0,9837.667
4660.0,7733.7217
20711.0,24905.332
1602.0,1612.3855
974.0,186.40509
7712.0,7737.913
516.0,1257.1433
141.0,2739.7214
113694.0,78840.83
6320.0,8857.851
823.0,491.11993
1715.0,3318.9558
2553.0,2806.737
153102.00000000003,303127.75
14077.000000000004,6215.163
2976.0,6863.468
2637.0,2407.823
5481.0,5454.3076
173151.0,271772.1
15.0,341.58868
4017.0,5282.6826
94638.0,158344.47
22539.0,36934.56
56115.0,68452.26
21657.0,30014.08
18826.0,26391.203
204005.0,283430.84
512.0,-727.3566
30139.0,27921.457
5702.0,7230.4014
10705.000000000004,6678.37
738.0,3542.9832
75700.0,69917.336
1602.0,1773.2839
5038.0,8491.116
9263.0,11800.69
7103.0,7139.0264
627.0,290.52228
78574.0,75857.59
3199.0,5037.585
3980.0,5601.3193
24892.0,12404.845
342494.0,368578.4
1719.0,3192.2683
136448.0,108535.164
18177.0,8444.827
1710.0,2665.3777
6304.0,5107.7295
552.0,1319.5378
767.0,455.77618
23616.0,53835.082
4565.0,6069.835
2295.0,217.22931
4062.0,10612.806
49866.0,41339.434
125878.0,187471.2
759.0,4493.132
4372808.0,5641638.5
4670.0,13592.335
8971.0,15842.87
623.0,1167.3113
1344.0,1803.2332
74050.0,48536.25
1083.0,2696.5808
36496.0,49131.07
1053.0,3913.7917
1154.0,-583.99335
7107.0,5925.546
10294.0,10375.759
42076.0,21802.703
1798.0,2590.5027
1142.0,4124.159
7188.0,8147.0264
2579.0,1948.573
229299.0,130004.75
5481.0,5791.202
1237.0,2961.612
16170.0,30346.951
849.0,1867.2605
2128.0,2360.7996
897.0,2062.366
275.0,2432.1433
10795.0,2654.4011
10413.000000000004,2111.2722
48992.0,61659.906
5464.0,11560.821
7402.0,13714.421
2129.0,3027.3933
11728.0,6116.698
1939.0,8605.433
30768.0,74765.06
249869.0,221556.77
9854.000000000004,9281.843
126912.0,221999.03
0.0,1111.4597
9544.0,1379.2175
4246.0,4608.253
3213.0,3251.4597
86442.0,129636.02
1307.0,1707.1472
120953.0,53447.785
2943.0,6408.8
8132.0,7512.503
2880.0,2230.1238
79.0,2030.198
33325.0,30082.98
11009.0,17750.215
19.0,287.8504
138682.0,168853.75
4326.0,9919.138
215553.0,363895.9
124.0,692.3387
265897.00000000006,376495.0
87200.0,130326.984
1015.0,1283.6785
571.0,1414.1941
3255.0,9078.687
12466.0,15108.128
23174.0,14341.241
75132.0,117986.555
1717.0,564.61993
2400.0,1715.0222
85.0,2835.1785
58514.0,47648.75
15140.000000000004,33881.816
259745.0,359846.4
8019.0,9840.909
22494.0,21386.244
88352.0,74633.01
115470.0,162329.9
1670.0,955.88947
828648.0,761712.1
104227.0,113208.0
1260.0,4142.788
1130.0,1681.8425
5064.0,9972.64
956.0,395.33087
0.0,-925.99335
10136.0,23082.502
3322.0,4682.62
724.0,759.63556
19335.0,13033.517
9578.0,11113.226
90274.0,110579.04
1288.0,966.99493
189354.0,198818.78
157483.00000000003,184011.38
58973.0,30471.89
618.0,2299.8503
3978.0,2121.0886
102605.0,83618.375
6439.0,1382.53
1967.0,2578.1199
16041.0,5377.956
200364.0,280532.1
500231.0,312909.16
1667.0,1561.5183
56241.0,34057.89
77892.0,66194.9
40.0,-1172.5286
1445.0,2487.8699
5256.0,5383.5967
5462.0,9546.528
45196.0,16214.548
2673.0,2269.6316
117959.0,81493.484
10233.0,7883.9873
432.0,2109.6277
103585.0,81664.484
8870.0,13571.442
12551.000000000004,7330.0537
141737.0,126580.73
1287.0,8.092588
1553.0,6863.0537
109009.0,145087.52
2222.0,-579.24335
1068.0,3347.948
7384.0,3601.6746
5360.0,10471.974
507.0,1079.8347
4105.0,5800.6436
2149.0,1777.7722
1498.0,2801.698
343131.0,514694.44
11282.999999999996,9453.753
3650.0,4330.085
175013.0,171570.38
18567.0,14918.491
1612.0,3427.1082
3162.0,3014.8386
194589.0,176761.73
1044.0,2151.5574
3849.0,6948.585
3513.0,5298.589
1163.0,4145.6514
3095.0,3718.0183
3011.0,2816.8777
1895.0,1606.0925
694.0,2565.8113
3317.0,4012.4988
3617.0,2982.4949
1253.0,2805.9363
2773.0,4617.3936
871.0,876.07306
14466.0,21234.867
75689.0,48644.844
11650.999999999996,16251.644
9537.0,94.63165
20263.0,26500.613
664.0,861.2059
5065.0,3846.905
1461.0,2088.8582
12560.0,38533.574
4683.0,25228.186
7062.0,2959.3972
70664.0,108465.92
2316.0,9633.323
80.0,788.4168
705.0,-547.19257
23930.0,29561.28
3682.0,4198.3037
474.0,3311.8074
98275.0,120426.45
926.0,816.2254
94940.0,102179.72
1930.0,2182.4988
44040.0,58183.645
40728.0,40245.613
133555.0,115321.3
2403.0,1500.0339
31675.0,30978.889
15546.0,16163.464
2354.0,4063.5027
9144.0,13274.427
1754.0,2312.0535
39893.0,41111.4
1650.0,1691.905
478.0,2230.5066
1087.0,787.93243
1063.0,831.4637
115486.0,195566.1
1654.0,1718.9402
2482.0,4736.995
106438.0,116939.69
794.0,1248.405
196892.0,181412.38
916.0,2686.1003
384439.0,378204.34
773.0,1886.2761
9617.0,3825.8503
10674.0,320.76447
1545.0,4931.7373
373.0,-287.36444
15407.0,9807.13
1704.0,2053.5027
5182.0,5006.878
7175.0,7638.284
1303.0,575.1121
5128.0,6631.0146
1125.0,1089.0378
1259.0,3351.448
17091.0,23209.521
7752.0,10036.022
185110.0,262011.14
1509.0,2946.616
722.0,-156.51678
7124.0,8726.569
2628.0,1632.198
4205.0,5467.4834
4727.0,7802.616
4317.0,4291.663
0.0,-4070.5598
89320.0,91997.86
96799.0,113405.875
68700.0,50173.707
2523.0,4923.823
307935.0,337851.3
1628.0,3121.8542
39863.0,70427.69
1288.0,921.56915
10.0,2557.2214
886.0,4795.2646
6202.0,14065.876
1796.0,3369.5105
16597.0,15818.003
745.0,711.1434
4095.0,4572.1006
628.0,2479.3425
6079.0,8178.9834
4803.0,4239.8623
44674.0,34109.92
2362.0,3608.116
9609.000000000004,23085.75
1046.0,2432.8699
1479.0,50.244934
6216.0,4504.3896
38136.0,34736.473
1484.0,3758.0496
104578.0,78197.13
4962.0,5359.0303
229259.0,252077.92
35072.0,58245.08
396772.0,391786.4
49897.0,66460.38
2487.0,777.06134
837.0,1599.8035
6960.0,2437.9363
2468.0,2309.7175
32029.0,26660.482
21212.0,25697.475
45204.0,29739.06
16944.0,15969.347
4530.0,3697.2644
2618.0,4482.421
477.0,2475.8074
37391.0,62904.965
153597.0,163165.0
1345.0,1069.3269
0.0,-2397.4973
142273.0,196086.48
34289.0,36665.1
2703.0,4273.917
1660.0,3711.2878
6106.0,8162.702
1727.0,3370.2644
110285.0,78106.53
1288.0,472.30743
45078.0,30193.494
10714.0,13583.769
1307.0,2006.6824
825.0,1827.3347
1669.0,2062.202
3139.0,7839.624
1958.0,3078.2878
2311.0,2310.4714
6333.0,4522.753
1679.0,1524.6824
29636.0,43991.35
37159.0,26354.457
2021.0,2455.2996
10787.000000000004,5025.581
41176.0,60406.484
959.0,104.7879
2203.0,252.5379
893.0,4471.667
3098.0,2479.8777
1311.0,5209.1514
11228.0,13919.649
32765.0,52758.117
9999.0,24156.451
562.0,2034.1628
690.0,2375.3464
292663.00000000006,370685.4
236528.0,282157.9
99675.0,144114.81
9275.000000000004,12444.438
14145.000000000004,7160.0225
1045.0,2272.6277
2819.0,-869.81366
531.0,1886.612
1053.0,1250.2957
40047.0,55736.91
4807.0,6661.7764
14224.999999999996,17062.541
423.0,-893.6574
336310.0,288295.66
2311.0,6585.6123
7348.0,6601.4326
33572.0,22461.738
19153.0,27564.152
34432.0,21785.814
619929.0,585834.7
5464.0,5627.1514
3131.0,3636.5886
3842.0,3737.8933
2971.0,1536.6472
174396.0,208741.55
0.0,-3019.1653
22679.0,31333.646
0.0,-4334.9385
2657.0,2622.9402
71867.0,152433.69
58068.0,26590.385
230065.0,315017.78
14013.0,12623.378
829.0,1215.9949
3541.0,4452.116
1.0,-1661.0637
4096.0,3161.6238
14250.0,25038.568
4579.0,7962.753
1325.0,1595.6355
960.0,1718.7996
140259.0,179473.62
1342.0,9183.659
14415.0,10692.874
242468.0,275411.88
1732.0,2400.8152
3015.0,11395.478
3151.0,5730.753
91795.0,80859.03
11094.000000000004,16078.399
1420.0,1783.3191
7623.0,6754.5303
4017.0,1294.6511
32685.0,21176.777
17248.0,6911.077
1899.0,4815.4795
55803.0,57558.09
240760.0,227641.12
112332.0,76045.48
666309.0,708091.9
1708.0,2184.8425
280690.0,201945.11
12460.999999999996,4548.671
7864.0,6646.866
3010.0,4566.5967
204663.0,94795.79
1997.0,2940.2332
4338.0,9644.532
18139.0,8374.144
198754.0,294391.62
147410.0,126533.98
3065.0,2518.9363
53856.0,30134.102
70566.0,62289.316
163549.0,131767.34
246.0,-1446.7942
68906.0,44817.273
41286.0,38401.88
48312.0,55247.473
63189.0,51589.29
964.0,1185.8933
0.0,-1929.5168
4391.0,3234.6003
1077.0,2487.2214
17149.0,26887.947
7148.0,6589.917
4181.0,17997.26
1398.0,4846.335
597.0,762.9598
2613.0,1849.8933
2100.0,2353.0183
11660.0,16786.824
69538.0,201371.4
967.0,136.56915
1492.0,3842.7175
46550.0,42225.082
704.0,629.0223
795.0,-294.20038
2960.0,1891.7839
3454.0,1562.5417
3086.0,4212.3037
1230.0,2478.866
263782.0,282775.16
6778.0,10830.335
12227.0,12504.267
0.0,1518.6707
26.0,1320.362
10476.0,13573.147
13207.0,12537.042
881.0,-575.99335
1273.0,1885.5808
135842.0,149083.42
2633.0,3298.8894
1101.0,2225.8972
52809.0,49623.996
1426.0,1251.655
11380.000000000004,31827.145
5960.0,13982.399
2075.0,2626.7761
1649.0,1473.4285
1233.0,3179.1394
488536.0,523716.12
495594.00000000006,546714.94
277.0,-2707.5403
1900.0,2179.2058
7429.0,11316.241
441.0,2579.5496
1179.0,4067.8308
0.0,-2011.0637
663.0,498.20587
1050.0,5077.96
2209.0,3649.7761
1424.0,932.3504
14631.0,34564.617
3728.0,3903.7605
1360.0,1557.6316
2645.0,6114.6006
758.0,-1057.9348
237637.0,257947.73
28668.0,12866.47
824.0,1991.3699
143467.0,120198.02
20050.0,47646.445
34003.0,37445.152
408.0,1011.1043
54830.0,70833.27
1480.0,2052.78
4213.0,5478.8115
47708.0,62967.504
4958.0,7256.507
1578.0,3718.4714
955.0,2300.569
226710.0,156083.45
2822.0,4790.0146
3902.0,5785.671
13569.0,8770.897
76543.0,128577.875
10842.000000000004,4849.968
0.0,-1804.7981
3990.0,6000.3506
16871.0,6602.999
33205.0,20479.105
39200.0,29530.215
159616.0,237363.45
40220.0,36067.875
18559.0,12490.913
6991.0,5072.9795
2703.0,2962.8816
3460.0,3169.5574
992.0,545.74884
25212.0,25673.713
3810.0,5812.3623
5433.0,3337.5574
6954.0,4853.1396
3780.0,5480.007
2637.0,3336.2097
6568.0,4610.8584
23843.0,33412.938
17830.0,17931.28
803.0,-84.05194
1248.0,4511.3154
574.0,696.68243
2806.0,5136.132
400648.0,615979.06
237990.0,182892.77
781.0,-1968.6809
280916.0,239299.6
7127.0,8501.073
21567.0,22723.871
1251.0,8046.4443
10832.0,14813.429
57835.0,29791.865
30682.0,58198.45
1399.0,3461.0652
4333.0,6446.8896
70573.0,81134.47
18423.0,15389.64
3887.0,4610.741
56634.0,35939.46
1366.0,2964.202
93136.0,77906.55
3964.0,8514.351
1611.0,978.8934
12147.999999999996,9932.759
501.0,2537.2957
1487.0,2174.5027
23594.0,23712.99
2188.0,1918.7839
4101.0,2442.1511
6817.0,6921.538
600.0,-1756.7161
233860.0,325150.8
246072.0,176551.14
24645.0,66419.3
5270.0,18120.457
986.0,2754.1472
266992.0,191156.9
7355.0,11358.962
4145.0,4263.335
1126.0,3859.4988
19287.0,22313.164
371.0,1900.905
10492.999999999996,8873.632
7718.0,5277.7295
2459.0,2694.7605
18476.0,20941.535
176740.0,316373.75
49095.0,53155.547
568.0,-2.9035053
0.0,622.86993
38466.0,39824.965
12013.000000000004,7023.7256
149.0,695.37775
3541.0,4967.7646
383.0,402.88947
12181.999999999996,26449.936
2087.0,6279.042
1156.0,3779.1199
3614.0,7470.163
1063.0,2306.4128
820.0,387.88165
195531.0,155437.02
85.0,43.86212
1923.0,-517.0363
25369.0,36736.03
1097.0,1782.6355
1434.0,3075.952
137695.0,124714.08
13513.0,16681.73
285899.0,225128.39
4877.0,3583.694
16346.0,30555.68
212232.0,211415.81
1526.0,2063.702
116086.0,96145.766
64254.0,51999.16
643.0,-1113.0793
2308.0,2200.5964
607.0,741.0848
272.0,1356.7097
1938.0,3429.7214
1946.0,4255.7646
65391.0,80652.39
5526.0,3399.3699
1891.0,4268.8037
1222.0,2738.28
2282.0,3871.8464
12662.0,11874.917
2177.0,6666.9404
752.0,1977.3035
978.0,-16.001162
6720.0,1965.4949
669.0,959.3621
698.0,1662.241
4134.0,2660.241
96592.0,115969.34
14255.0,5149.3506
6110.0,6564.5107
93165.0,143007.95
2001.0,4439.382
13025.0,23218.637
37613.0,37351.79
21166.0,17550.77
121718.0,199836.97
26978.0,34870.188
2437.0,1515.7097
1290.0,1290.2917
85.0,720.74884
3150.0,5705.55
7140.0,5033.2217
85874.0,101357.0
15817.0,11902.517
59872.0,66579.305
147142.0,140398.16
3296.0,3977.7644
350972.0,273573.5
3227.0,5497.1045
46466.0,76941.67
178834.0,155902.12
22125.0,6498.9404
1362.0,7042.089
240.0,-870.2082
2302.0,3392.6277
6794.0,7636.3115
461797.0,673668.3
3175.0,5275.2686
109677.0,115645.98
24399.0,11450.716
177104.0,188653.2
220664.0,240516.05
2277.0,10930.489
124183.0,148220.73
11102.0,9617.718
34406.0,21277.965
1855.0,3491.3347
40529.0,48504.73
529.0,2982.7957
1217.0,1027.9167
4842.0,5933.1396
430116.0,484675.16
3633.0,6913.8623
4409.0,4850.9053
1.0,-3965.2551
625102.0,426037.6
601148.0,694129.4
201741.0,189713.69
47964.0,113439.19
380.0,6494.8936
12896.999999999996,16865.098
1180.0,1080.6003
5386.0,6123.6436
827.0,3284.3933
661.0,2047.0027
1240.0,4373.7725
1231.0,3079.987
1000.0,4155.8076
92841.0,58754.91
2824.0,6278.7764
66499.0,71388.06
56895.0,54270.793
3650.0,5263.995
2345.0,2565.7917
33840.0,22990.754
666.0,1783.6628
748.0,2566.4246
564.0,-5388.911
44174.0,34408.01
385.0,1812.9675
1160.0,4544.5146
2092.0,3594.7488
3492.0,6569.534
44682.0,68317.234
2828.0,4638.241
5815.0,5324.1787
1563.0,2763.03
60856.0,105307.625
20988.0,14776.651
287731.00000000006,355730.0
56331.0,72999.77
219189.0,202409.89
4866.0,3242.4128
515190.0,546169.3
813.0,2254.819
11274.0,1983.53
18335.0,14108.757
184.0,3098.2605
1958.0,2375.0535
66826.0,43688.605
1193.0,-876.0793
11681.0,6615.2803
4044.0,7086.2373
3362.0,1854.3855
9271.0,6540.425
7991.0,3842.319
41372.0,47037.97
0.0,-1995.1301
11679.000000000004,13598.169
102210.0,101319.875
837.0,2882.2449
0.0,-446.31757
32397.0,11492.741
35247.0,61608.77
1255.0,2162.909
1196.0,607.1785
113626.0,88385.68
3356.0,6916.464
2024.0,2349.5964
2785.0,1560.698
102813.0,196793.89
2505.0,4836.2256
1652.0,1413.3035
39647.0,29119.49
856.0,13386.55
96041.0,84869.59
1718.0,1547.7058
8121.0,13920.946
412.0,4268.835
2457.0,1780.1707
3520.0,3527.3894
1120.0,315.39337
4911.0,8286.749
0.0,-3121.548
12712.999999999996,16657.73
4720.0,15436.337
120732.0,108232.14
0.0,-5547.786
93538.0,128306.09
7131.0,8654.265
33788.0,23004.56
108018.0,211690.44
1426.0,10356.628
82545.0,72798.63
1565.0,1363.5925
19760.0,32492.043
31337.0,17138.465
1484.0,3222.0027
1911.0,2597.9832
2613.0,5534.284
1017.0,1439.1902
7571.0,5322.9404
5304.0,4419.3623
4954.0,7084.7686
3507.0,5459.745
136.0,1784.741
1347.0,-619.2785
757.0,1006.2918
21740.0,4724.702
146000.0,157901.89
120669.0,118628.31
12915.0,5697.0186
3343.0,2348.3464
180788.0,226542.61
129396.0,104051.81
2292.0,3406.491
651.0,-531.7863
1752.0,145.07697
1187.0,2363.9714
10104.999999999996,6839.1553
6733.0,7244.718
1730.0,3502.237
629.0,1143.4207
4069.0,5603.12
63778.0,43898.957
800.0,1511.0261
88295.0,120625.414
1570.0,2536.9285
565.0,-1328.3997
20311.0,17613.979
4213.0,3142.9558
173472.0,318726.44
2311.0,4374.1865
3057.0,2732.905
34761.0,92057.88
6317.0,6240.757
24469.0,21876.662
13767.0,32528.9
41453.0,91527.64
2418.0,2122.2761
1005.0,2240.5652
0.0,-3852.2434
2921.0,3387.1277
92.0,1449.5769
3496.0,9089.968
539.0,4099.671
14252.999999999996,30452.002
47106.0,24231.125
6860.0,2922.7644
95054.0,74485.586
112.0,1283.78
1084.0,18.06915
1520.0,1903.6707
2717.0,3569.409
1471.0,2137.616
59579.0,78753.27
1212.0,1672.8894
666.0,2567.0574
4064.0,13574.87
77774.0,61334.91
1680.0,2772.866
7309.0,5689.159
139.0,-52.278503
6933.0,4415.8545
105676.0,92192.44
58561.0,57698.2
323239.0,347961.3
6030.0,4555.2764
194403.0,164671.42
12365.0,9734.097
131995.0,153568.53
2996.0,9485.968
1233.0,1447.0417
10719.000000000004,7208.6943
892.0,1181.9402
6599.0,10301.218
967.0,2124.741
22878.0,17331.236
1093.0,817.9285
5050.0,4183.5107
4765.0,6498.288
615045.0,402138.8
1664.0,3092.8347
11225.0,8629.804
975.0,754.88165
6347.0,5686.843
426.0,-909.5207
471.0,247.23322
2405.0,5478.0654
21.0,665.1629
0.0,-4321.7
3796.0,4340.956
1006.0,1399.5652
178.0,1261.5691
5105.0,5680.671
1456.0,-435.99725
5097.0,15952.005
210426.0,128830.484
258054.0,235243.84
1100.0,1746.2136
2403.0,2252.3855
1600.0,1314.0144
137.0,1130.987
1369.0,2400.6042
3064.0,2863.5183
64928.0,108717.36
2091.0,3022.1472
19358.0,8298.608
13473.0,8021.3584
1287.0,2277.5847
1382.0,3255.5105
630.0,2896.1277
229642.0,204212.66
2249.0,2741.5535
911.0,1432.2839
4523.0,6519.6084
1325.0,2886.0574
1393.0,3315.9714
42774.0,64285.527
0.0,-2311.4543
3202.0,3930.069
1901.0,1045.3542
24460.0,37449.527
69899.0,40931.914
1751.0,7874.468
1556.0,953.18243
58672.0,94835.61
2580.0,2503.7136
44872.0,45599.24
3376.0,2063.0964
1301.0,3237.6003
957.0,2599.577
16984.0,18093.418
4136.0,2661.0457
2121.0,3152.4792
590.0,1584.2097
1158.0,2248.9285
118924.0,145720.45
1343.0,726.50275
37588.0,87239.91
465642.0,529383.75
1512.0,2043.1628
9709.999999999996,3303.8855
884.0,5755.3115
1135.0,1482.7878
42674.0,35997.86
18912.0,26547.941
953.0,194.05743
124.0,1592.737
7280.0,12941.878
23678.0,19700.8
1505.0,646.62775
51773.0,61907.637
6077.0,12594.808
24165.0,14077.313
0.0,2065.2136
19.0,1448.0144
11621.0,19050.445
73468.0,82521.42
327605.0,263317.6
11800.999999999996,11246.112
5463.0,7945.3
1374.0,1254.2722
331093.0,344631.94
3286.0,3931.8699
48871.0,71222.625
15303.0,14034.044
16839.0,24187.67
1493.0,3085.4558
10843.0,9944.235
453519.0,459018.03
21784.0,30895.03
11940.0,10264.683
1454.0,2536.9636
1620.0,2399.2175
4194.0,5750.3154
792.0,165.43634
8945.0,5334.2334
29124.0,41187.97
207.0,980.0418
90994.0,85378.25
68826.0,46239.62
173.0,503.3504
1192.0,1825.4519
223048.0,243605.84
15072.000000000004,26270.326
5477.0,2776.116
73143.0,81121.41
1015.0,993.30743
382.0,-512.6574
283641.0,321040.84
1103.0,2414.7996
1281.0,971.61993
4620.0,3989.569
16482.0,13208.843
367.0,1162.9128
217603.0,184323.61
61819.0,42089.133
4246.0,3093.0027
42806.0,26647.744
13382.000000000004,24715.658
0.0,-5361.3604
0.0,-3231.513
92245.0,61571.754
1020.0,-1728.3333
487.0,393.2801
1769.0,6065.37
4279.0,6269.827
75956.0,68655.2
268.0,3.9558697
5162.0,5869.4717
250747.0,306757.4
914.0,2681.573
207506.0,251468.86
135031.0,108726.74
24292.0,18100.107
1336.0,2373.8464
589.0,-420.2121
12896.999999999996,29140.314
2514.0,4026.8425
588.0,1608.0066
1223.0,963.93243
3056.0,8572.28
182702.0,281900.22
110658.0,119995.51
295.0,704.61993
2915.0,3382.6082
2023.0,1518.2253
323667.0,324110.28
104.0,686.13556
161.0,2242.6472
4644.0,8154.9873
17413.0,9024.562
29331.0,53380.797
805.0,1929.405
2526.0,7322.413
4783.0,10125.292
3826.0,1306.4832
1098.0,1553.8933
52717.0,47236.9
3293.0,3782.6316
7896.0,9870.544
86369.0,100091.07
265294.0,151713.97
299.0,2204.4011
2060.0,1649.7761
1995.0,7832.003
1127.0,382.284
680.0,1486.1824
49530.0,48992.34
3351.0,5676.4834
1959.0,6114.5303
114163.0,72801.75
4405.0,2738.444
2117.0,3903.8113
32637.0,8811.44
689.0,1828.4832
620.0,1214.366
3326.0,3882.7449
55.0,-623.341
17976.0,21855.854
21681.0,22709.203
12372.0,53877.258
1189.0,-1067.6809
2233.0,3417.2292
987.0,12026.46
17349.0,21354.867
2693.0,1783.905
3429.0,3827.5847
144649.0,144285.47
853.0,-259.23553
4391.0,5969.7334
926.0,1370.0652
343358.0,339802.34
65306.0,60971.82
9837.0,11540.829
12766.0,11714.438
54588.0,90806.83
10894.999999999996,7506.909
1675.0,3446.569
3553.0,3617.3386
140050.0,100454.15
62096.0,52685.414
733.0,436.05353
7360.0,8059.218
307434.0,304249.97
3159.0,3848.6355
110014.0,120742.625
4671.0,4080.7761
44074.0,43624.305
1570.0,700.0887
4159.0,6249.6943
1912.0,5038.6396
70775.0,154015.05
1729.0,2899.6785
61774.0,119080.38
726.0,278.67853
871.0,1199.155
2868.0,5182.1787
1255.0,2029.7761
5855.0,5089.448
18575.0,13841.817
479.0,1766.2761
2131.0,1448.9246
3653.0,6028.5146
68838.0,107465.01
30681.0,18784.156
9570.0,3550.7957
1179.0,2085.9792
7982.0,7201.6865
54701.0,102305.34
9045.0,14324.019
9313.0,7520.913
4970.0,13102.312
752.0,1087.1355
84568.0,90909.67
22450.0,19153.248
18236.0,20476.986
149732.0,160760.16
200280.0,324389.34
1729.0,2.4519634
3287.0,3719.1082
14017.0,13059.489
713.0,236.65118
1888.0,4790.921
2259.0,2160.155
110821.0,189143.12
5401.0,6280.3975
2894.0,2808.7214
10230.0,5943.3193
1114.0,3195.8386
18722.0,10272.509
1157.0,1448.448
15205.999999999996,15623.106
910.0,-1.0870991
25550.0,11715.567
38345.0,21597.812
2452.0,5447.339
1180.0,2660.3816
142682.0,117262.914
540.0,-384.1496
7104.0,8051.6904
1719.0,6315.874
147417.0,206747.6
164721.0,164572.17
1262.0,2585.5496
1399.0,1267.7449
156.0,2625.8582
99556.0,126988.67
12676.0,16054.956
1400.0,3179.9832
1808.0,2148.7722
20989.0,27675.201
7738.0,10655.954
648.0,1412.4675
28692.0,20117.252
636.0,-74.74335
848.0,1407.3738
818.0,-275.18085
63337.0,112983.54
1900.0,1331.4675
1250.0,2823.8035
107215.0,91403.35
135104.0,137105.36
92677.0,63261.52
1154.0,1353.073
365764.0,411715.3
1641.0,3910.819
189311.0,339446.28
5862.0,3455.9675
4722.0,4884.749
463.0,1535.0261
3089.0,4486.3857
100351.0,122782.17
7916.0,6818.6904
7027.0,4908.3154
1251.0,2219.7136
4762.0,2922.2722
3850.0,9622.524
492.0,-1280.6653
3445.0,1052.2917
18276.0,21379.709
152.0,4293.948
1209.0,3305.823
1126.0,1947.616
522.0,381.159
1074.0,2391.2214
788.0,342.31915
26508.0,23129.238
4618.0,5407.956
1497.0,1940.6785
27755.0,33733.754
128132.0,149075.33
158391.0,122628.64
1268.0,1695.198
2289.0,2187.905
16255.0,15912.597
45607.0,60534.145
71469.0,100057.21
31289.0,28937.268
685.0,448.7879
762.0,-244.28241
3695.0,1548.8738
1099.0,804.909
12290.999999999996,17165.344
11203.000000000004,10559.751
1059.0,3824.3035
1213.0,2005.8542
22942.0,12168.358
1641.0,3492.28
1400.0,2644.194
2857.0,5830.5225
3123.0,2731.4636
510.0,1546.4675
57911.0,53677.15
1635.0,3020.5066
805.0,285.95197
2770.0,3243.5105
3836.0,591.9871
1589.0,559.63947
3674.0,8110.3115
115528.0,114864.31
37156.0,41402.867
42717.0,21142.564
6439.0,6033.327
856.0,-265.9582
457.0,1952.9636
6602.0,9513.989
77297.0,125500.61
2803.0,5405.159
9865.0,6206.05
7181.0,2626.5261
48647.0,79919.55
542.0,1307.4246
1015.0,5226.9873
969.0,715.7254
1372.0,984.7098
1319.0,2453.8308
150031.0,96849.336
5212.0,27067.025
915.0,1188.737
65985.0,108537.98
1964.0,1891.4832
704.0,-2279.9895
1564.0,2006.198
2809.0,4391.948
115389.0,70050.97
4906.0,3213.7527
27809.0,19688.232
3051.0,7162.378
18641.0,20773.16
0.0,303.25275
970.0,547.38556
1322.0,364.80743
4718.0,12830.241
1699.0,4695.2256
126088.0,184827.08
14072.0,10576.003
4151.0,5608.073
52423.0,94794.08
683.0,3923.3035
14170.999999999996,11267.296
1753.0,2759.3855
62378.0,49324.445
101938.0,228432.73
1138.0,3262.4636
795.0,62.920715
368.0,2430.8152
259930.0,263154.25
8194.0,12948.804
460062.0,272690.38
291.0,-789.67303
17237.0,26303.254
131156.0,156693.94
1369.0,1858.1863
35491.0,53583.383
1431.0,1388.0652
6608.0,4884.788
4006.0,6348.507
6033.0,13735.866
147220.0,104994.96
555.0,2733.7996
16191.0,15684.306
5836.0,7586.421
130.0,636.11993
15259.0,19643.84
56293.0,24093.803
8234.0,3582.3035
2630.0,4233.589
25090.0,26240.33
0.0,-534.4816
20562.0,35259.703
3186.0,6184.4287
117573.0,77379.25
4376.0,1825.5027
1057.0,228.48322
0.0,2306.3933
0.0,-1796.802
3270.0,6950.4873
1154.0,3307.569
4209.0,1383.073
3606.0,5980.132
91385.0,119867.125
5514.0,7440.4014
24472.0,22944.535
6440.0,7508.788
1458.0,2915.5378
1530.0,4670.8623
2175.0,2133.8425
652533.0,482142.06
12.0,-1386.3176
1642.0,3010.444
907.0,4518.4326
1624.0,1211.0261
3014.0,6107.2295
421.0,-790.8879
1379.0,1479.0339
1715.0,1386.1511
43012.0,57958.598
5370.0,5685.917
0.0,3218.948
12739.0,7466.7607
2553.0,6558.753
535.0,1617.3113
2988.0,3843.155
316.0,643.1668
2161.0,2617.7136
1090.0,711.1434
5428.0,6156.8115
5687.0,8224.698
2570.0,3994.2683
106709.0,124115.875
98212.0,157754.86
3978.0,14147.519
43379.0,63734.887
2076.0,2373.1238
1958.0,1539.3386
64296.0,69817.22
1529.0,474.51056
92731.0,95667.06
6613.0,13398.798
17368.0,35538.508
69585.0,59352.72
154.0,-306.20038
152.0,2640.0183
5406.0,9645.177
1233.0,715.0184
32822.0,73260.21
9480.000000000004,5219.878
7557.0,7373.3076
11014.0,4192.6865
3064.0,3725.9714
1179.0,1296.1511
65080.0,77160.5
3315.0,8879.847
719.0,592.50665
20279.0,36770.535
1764.0,2674.5261
1390.0,6162.4287
120.0,862.1785
936.0,1649.5457
116140.0,120122.07
4946.0,5544.1006
4643.0,5983.628
79706.0,115599.14
93109.0,64191.812
6270.0,16940.346
2151.0,5646.827
405.0,-248.1535
1271.0,9542.38
2018.0,2811.7722
11292.0,7840.538
118198.0,168168.66
2348.0,2006.241
17110.0,21227.035
1011.0,4850.5225
4301.0,17665.367
252881.0,193738.28
463068.0,416790.3
142238.0,59570.727
968.0,1231.0886
4999.0,8613.788
845.0,1712.5535
800.0,-1617.3137
0.0,-4157.3135
1006.0,-23.536318
127626.0,111617.33
13257.999999999996,10842.022
1069.0,1822.905
35224.0,32840.723
2670.0,2498.8542
1023.0,33.01056
11170.0,13950.862
24420.0,31723.455
810.0,1499.1316
14985.0,3737.1316
238.0,-610.4191
14765.000000000004,12909.925
3839.0,5526.5225
57203.0,36407.918
5081.0,2178.9636
179363.0,128255.89
145866.0,321953.03
1228.0,-193.28241
123953.0,146620.56
0.0,-1867.9309
943.0,4213.0615
56501.0,109521.25
1245.0,2330.8777
51362.0,52753.957
311207.0,242982.61
6651.0,2229.9324
118646.0,123293.96
133845.0,217696.73
81292.0,131831.22
1190.0,116.076965
9756.0,11748.925
492854.0,320194.56
2379.0,2338.991
982.0,2441.9832
2974.0,3557.5574
575.0,3755.3425
12931.999999999996,13078.153
6404.0,9974.821
49009.0,69529.63
4233.0,5809.2725
19161.0,18682.521
5630.0,5725.128
2165.0,2147.1199
1881.0,3952.0574
23343.0,20520.18
1180.0,-452.92694
359889.0,231792.92
23264.0,18024.049
65467.0,69723.98
111314.0,99170.336
2761.0,3047.155
172606.0,132869.92
918.0,1874.5066
1590.0,1859.3152
4784.0,9061.542
860.0,2653.6277
1252.0,603.24884
558.0,1449.9011
8097.0,8390.522
143496.0,123543.3
1709.0,3348.327
1718.0,192.36603
0.0,-2045.0325
949.0,2259.573
4727.0,9432.345
55184.0,96818.41
18036.0,3284.5222
1285.0,2169.1785
350845.0,160793.58
3223.0,4919.534
5974.0,4783.4326
1287.0,4686.7295
3475.0,8495.968
30671.0,30983.283
17095.0,40973.703
13073.999999999996,12067.7
195128.0,159216.31
65716.0,117345.63
1029.0,-446.9074
39731.0,51585.7
6831.0,4945.968
1618.0,2388.3035
986.0,9661.741
5289.0,2592.3386
33378.0,23675.748
655.0,1439.4128
5931.0,4421.464
2844.0,7250.245
597.0,419.45197
2686.0,3225.327
1865.0,3628.5144
8698.0,17566.783
55821.0,90738.85
728.0,3040.0417
1367.0,2025.5769
1134.0,1106.0925
467.0,-209.59491
593.0,1610.8855
649.0,902.7332
21985.0,20549.51
51484.0,68608.76
309034.0,355888.38
740.0,1895.1746
1824.0,2606.0886
746.0,933.94415
0.0,2429.4988
293163.0,228700.94
10608.0,22606.164
336627.0,359151.62
1469.0,8421.569
649.0,5364.0146
99953.0,121214.836
359109.0,322500.72
341394.0,471954.5
116779.0,108292.195
816.0,5072.667
6404.0,6195.6514
2479.0,2020.5847
188722.0,282164.06
1221.0,978.8309
3453.0,1978.6042
14386.0,26715.314
805.0,1660.5378
1726.0,4766.671
16211.0,5552.1436
823.0,3161.7722
142102.0,97097.25
331.0,2600.7644
1268.0,1667.7136
512.0,3157.9285
22062.0,29596.281
1030.0,692.12775
15615.0,11890.651
4741.0,4525.8896
1305.0,2478.0222
5119.0,6486.284
1837.0,3649.7332
1797.0,2739.9246
3618.0,5026.1045
1914.0,4911.046
11871.0,3404.698
385305.0,293216.47
9035.0,12078.819
87202.0,88563.7
194433.0,187911.5
10586.0,10006.591
2161.0,2403.5847
1092.0,3194.8035
1706.0,2656.9714
517.0,272.6004
9895.000000000004,5248.409
1457.0,1975.2839
5030.0,3473.5652
723.0,464.85822
365785.0,303120.9
169816.00000000003,117225.13
3567.0,3943.0652
672.0,-206.10663
5983.0,6050.46
87315.0,79550.7
6247.0,1991.1785
31449.0,39142.547
5002.0,1168.9011
3482.0,4999.0225
1894.0,-136.69647
4551.0,4314.2256
1379.0,1540.5847
8244.0,20478.3
14087.0,13835.019
4923.0,4328.9756
25618.0,5328.116
5564.0,4175.8506
928.0,377.79572
9644.0,21882.102
8947.0,8691.608
1199.0,1148.487
628.0,2.2449322
3076.0,6180.0107
4782.0,7576.0107
598.0,2916.323
1425.0,-430.67303
5298.0,4482.593
95555.0,107533.42
693.0,257.89337
40282.0,25364.93
2024.0,2646.9402
64837.0,22946.705
1661.0,1563.4675
65664.0,128842.2
9187.0,8776.03
7858.0,6404.116
449156.0,371950.28
23128.0,36566.7
2031.0,3860.7058
6258.0,6365.124
225302.0,275806.84
982.0,219.91681
1964.0,138.83868
814.0,4904.5146
1851.0,2396.8816
1697.0,4739.1787
7897.0,4741.1396
28677.0,30829.062
859.0,-339.26678
46712.0,46469.293
159875.0,144545.0
3602.0,5690.577
426804.0,399027.75
77685.0,145298.62
2883.0,4888.589
4867.0,3721.7332
2092.0,3092.3699
45276.0,68517.82
28091.0,16544.434
47912.0,53152.914
516.0,6167.6475
20045.0,13035.911
36725.0,31872.059
159009.0,244162.39
7422.0,20517.78
2964.0,4082.698
202.0,-1983.6731
3073.0,3093.987
718.0,1878.7644
158165.0,142522.0
2118.0,149.01447
57832.0,54609.055
54.0,1702.3972
954.0,1587.7214
1283.0,2910.4207
189158.0,299560.0
51426.0,46191.797
1110.0,2278.7996
181121.0,156661.97
1445.0,1810.2175
584.0,1178.987
10059.000000000004,7134.6787
60803.0,62067.395
37271.0,47871.5
1188.0,1941.6199
97.0,4024.6277
5309.0,6585.417
25287.0,32327.664
132.0,3336.241
3503.0,3963.4792
2299.0,2506.284
1993.0,3626.077
133613.0,195088.27
3579.0,2449.241
31961.0,21197.12
4203.0,2626.362
36892.0,52305.07
1309.0,-229.29413
118992.0,116809.445
8971.0,14356.841
128834.0,135538.06
5003.0,2903.0027
872.0,-348.70038
1347.0,2418.202
8157.0,5272.581
29425.0,11985.017
1122.0,1793.2136
0.0,-1536.5911
871.0,1902.4441
1081.0,765.1043
1184.0,4137.749
1339.0,2867.7878
829.0,2289.0886
4100.0,307.92462
1448.0,1103.0183
3448.0,4087.5417
5412.0,2923.4597
103224.0,146319.33
3743.0,5461.3467
1834.0,1233.9675
940.0,103.26056
95155.0,45707.63
14944.0,14131.812
161045.0,135950.22
4516.0,6959.921
2835.0,1168.2878
1728.0,2615.3308
632.0,596.5535
119250.0,130757.54
2197.0,5536.175
9787.0,16163.1455
18489.0,19042.11
5160.0,2089.1628
4727.0,5116.4717
2548.0,1788.8777
3600.0,1661.9167
657.0,2455.534
48676.0,69170.164
1917.0,2107.5457
5406.0,8345.534
77.0,2854.4988
57476.0,66537.6
6851.0,4199.21
1258.0,620.6043
258732.0,298015.2
25576.0,14594.647
2523.0,5174.409
799.0,1806.5027
146254.0,110458.7
23627.0,11773.513
2472.0,4026.1199
26980.0,22481.041
4559.0,7881.421
38300.0,31101.89
2482.0,1710.9753
25565.0,37948.816
955.0,1716.8972
18543.0,11424.509
673.0,4002.4246
868.0,3133.4324
3518.0,4961.7646
16415.0,17147.37
171607.0,146465.7
4068.0,6344.6006
68925.0,81800.29
209273.0,150971.42
2100.0,8144.5303
9081.0,19212.201
10284.0,9550.052
25372.0,80410.08
584.0,2899.8699
1539.0,835.8426
54600.0,24103.46
21533.0,16067.556
110904.0,118869.22
1150.0,1515.2878
762.0,1749.5027
160623.0,195716.27
448.0,1316.6785
1487.0,3509.7566
763.0,1743.1902
12506.0,6393.2764
1615.0,1740.573
1233.0,586.99493
2285.0,5539.749
26555.0,20332.771
3329.0,6556.87
237906.0,206967.12
27567.0,23433.23
594.0,2598.737
941.0,2545.03
2307.0,2415.0613
10131.999999999996,11343.669
23041.0,44427.883
382015.0,458196.88
77560.0,29341.002
45583.0,55107.504
21379.0,22910.023
1820.0,868.68243
279.0,3366.8816
2838.0,5397.6514
21551.0,19015.543
74972.0,58927.742
954.0,-713.1379
30446.0,43198.48
12391.0,12108.806
523.0,2330.0535
22216.0,22272.21
10294.0,7540.3037
258444.0,212166.4
1661.0,5004.257
3476.0,2268.4402
1131.0,1907.9011
839.0,3795.741
2143.0,2786.9558
5193.0,3585.112
135296.0,153580.98
2092.0,5066.827
959.0,506.11212
3156.0,6815.6357
906.0,4153.714
70385.0,69887.08
161.0,-1175.0637
155758.0,168952.97
412961.0,469590.97
71640.0,42767.06
2126.0,3598.905
1314.0,2380.6316
1019.0,531.32697
326507.0,429004.47
1329.0,767.9793
2499.0,3327.6902
1253.0,715.9559
1257.0,5089.5576
28404.0,43887.062
92823.0,132233.47
41332.0,75148.31
90709.0,86922.83
1250.0,134.09259
107604.0,117173.23
1610.0,11496.985
2457.0,6010.616
2573.0,-177.79022
20452.0,29236.3
271353.0,325112.66
7425.0,6126.6123
963.0,832.6512
238813.0,257376.08
22261.0,18163.375
11016.999999999996,32213.432
0.0,-1575.634
11720.000000000004,8064.546
42324.0,32399.928
706.0,940.4559
1035.0,925.1121
5439.0,2633.4128
569.0,-842.93866
2200.0,1470.4167
5465.0,7828.7725
1273.0,4114.796
240920.0,164684.36
0.0,-67.88788
1849.0,1275.4558
3642.0,7033.081
3681.0,4811.6396
2114.0,3695.1394
65332.0,90414.79
5479.0,3372.3582
9054.0,4715.0264
67585.0,114426.25
2326.0,2442.3933
11943.999999999996,18025.273
2209.0,4759.8857
926.0,3353.4167
156722.0,258615.8
0.0,312.61603
596957.0,622393.6
174.0,1279.3191
1059.0,3850.7683
1456.0,9744.208
1533.0,576.8973
1502.0,2700.1472
1152.0,5760.382
718.0,1244.5652
704.0,1514.866
4518.0,6974.116
1257.0,986.94806
2651.0,3119.3816
15086.0,6998.3076
171666.0,166453.34
176392.0,282233.72
4812.0,7104.7725
13348.000000000004,20975.014
1952.0,1998.4363
71225.0,60772.156
7433.0,4283.581
50346.0,34608.33
1408.0,-353.6535
10615.0,18238.865
1253.0,4335.718
1838.0,3859.4753
1166.0,3139.8542
1468.0,1570.9519
31278.0,18103.783
1251.0,-232.28632
811.0,1898.5183
844.0,1493.1394
1820.0,7685.421
39451.0,34708.47
4112.0,2716.8074
9980.0,15696.103
3350.0,6718.698
552681.0,500953.78
1444.0,1742.155
3096.0,5013.0693
5364.0,4332.4053
1175.0,-2076.2083
91585.0,81322.59
41832.0,43757.92
119603.0,81436.11
14045.0,21191.502
118544.0,141708.81
819.0,901.19025
1697.0,3314.9558
875.0,3274.819
49.0,3833.9363
1049.0,4146.8584
846.0,4366.6084
3721.0,4631.7686
85445.0,202506.02
18407.0,9847.56
8894.0,8926.214
81730.0,105079.71
32950.0,37493.363
23540.0,11497.165
214032.0,233930.22
677242.0,707108.9
246.0,-966.3332
2661.0,3927.1199
2646.0,2757.7097
4321.0,6771.5107
468179.0,280313.66
197501.0,253780.39
391373.0,795413.1
1109.0,1087.0457
2243.0,679.4832
554198.0,894773.56
950.0,1956.9597
1989.0,1799.487
707.0,1438.7449
167223.0,210547.77
3329.0,2004.5886
2360.0,3044.4363
2567.0,4848.749
4952.0,10938.833
195864.0,230181.83
102373.0,78387.47
331743.0,200273.56
6897.0,5051.6357
763.0,1607.3152
1729.0,2959.1667
5960.0,8632.319
60446.0,93946.625
92587.0,114081.45
49851.0,41279.555
46055.0,64415.277
1470.0,1730.991
13569.0,23314.164
2484.0,1486.6433
1830.0,2322.702
21704.0,49740.863
1376.0,2090.3386
3632.0,4501.999
13944.0,15575.114
8433.0,13733.001
31739.0,18224.555
737.0,918.30743
1026.0,-78.70038
4007.0,4751.206
0.0,1425.366
138015.0,199746.28
1337595.0,884123.44
4229.0,7171.081
10974.0,15685.327
23.0,1936.9558
6052.0,11617.411
6119.0,5762.245
9380.0,12528.802
8979.0,17017.975
1660.0,498.81134
1833.0,2270.4363
5193.0,6832.784
68444.0,98591.67
14299.999999999996,16277.782
1553.0,2205.9949
182988.0,226722.72
26738.0,4181.5303
1462.0,3580.8464
3308.0,3769.0652
120208.0,140997.08
3808.0,4704.0146
205810.0,257526.11
808.0,1324.7957
227.0,2319.905
739.0,2613.823
27564.0,40323.953
2906.0,4906.6475
13352.0,23644.182
628.0,1306.6042
13390.0,18943.424
1768.0,3117.8386
8188.0,17083.342
5965.0,2512.1003
351710.0,306211.56
57267.0,57511.414
26125.0,30913.201
198676.0,256513.42
9968.999999999996,21919.816
182834.0,252380.1
1579.0,769.38165
544.0,1056.9832
658.0,2009.5183
1330.0,4601.6396
689.0,3200.9246
141807.0,72566.57
54917.0,64274.816
273529.0,289428.6
127373.0,110210.586
1474.0,2210.1433
11500.0,8410.39
180.0,1662.4636
289988.00000000006,454356.1
6406.0,-1379.5754
43102.0,35694.508
1127.0,2658.9246
34695.0,38939.28
1510.0,3394.7488
37749.0,23842.451
5246.0,4070.5066
201640.0,227613.31
375470.0,472379.5
2021.0,2625.409
128762.0,94324.15
102470.0,107811.22
2008.0,2373.616
123973.0,187552.66
1774.0,1403.6277
39221.0,38343.32
10805.0,12878.546
67819.0,50771.5
16701.0,21494.818
114609.0,81028.27
5281.0,8688.366
7237.0,9011.136
8722.0,6147.167
1546.0,1656.7605
3515.0,-133.17303
138591.0,162989.25
3544.0,3781.2761
4646.0,8878.546
1256.0,2330.4363
216469.0,274582.12
41306.0,36428.984
9549.0,20176.262
7474.0,3381.2683
263870.00000000006,279375.72
886.0,2976.0613
2182.0,8393.956
2434.0,4738.7764
10893.0,14416.546
10830.0,6574.335
39885.0,26638.377
25249.0,31496.34
4531.0,1706.5027
5139.0,4864.8193
651.0,2282.0925
6108.0,5874.3857
549240.0,623547.1
5824.0,4599.546
844.0,3909.2292
2261.0,6018.073
14944.0,6867.073
831.0,323.42072
2347.0,2281.2644
2709.0,4613.3545
1239.0,-568.2199
410961.0,236940.22
6923.0,6066.409
39552.0,38923.395
4551.0,6248.6475
1772.0,1155.2722
272.0,-381.4699
2409.0,1486.9753
13475.999999999996,10682.999
1663.0,1749.2996
22.0,67.670715
6225.0,4525.542
3219.0,2862.0496
32188.0,40205.484
916.0,1382.28
4758.0,3945.4832
77981.0,51155.605
370993.0,1028704.7
888.0,761.3387
112543.0,134121.1
1294.0,1048.7761
15354.0,11090.829
109019.0,111435.95
11269.999999999996,19144.734
1275.0,3288.7644
2658.0,3402.069
68684.0,56940.453
556.0,806.06525
2669.0,1793.116
661.0,3360.5496
18534.0,10141.581
1301.0,1332.1902
8638.0,7320.581
25012.0,11732.942
68627.0,61800.11
6135.0,5110.632
1267.0,1914.616
152878.0,149547.56
89868.0,85530.414
892.0,1289.0144
5153.0,4088.0925
684668.0,665489.4
51706.0,49579.133
4639.0,8000.8
7626.0,6427.702
1262.0,1511.8972
1481.0,1390.6628
2087.0,2725.3777
839.0,1561.9402
758.0,839.9637
20456.0,20464.834
99693.0,154801.38
10914.0,15666.804
14167.0,5355.577
3172.0,865.1629
1679.0,929.43243
142908.0,183747.62
3264.0,8972.991
486.0,3778.616
1267.0,1985.5808
113958.0,111816.67
12654.000000000004,22040.25
23686.0,22894.922
701.0,-1557.4231
5703.0,11994.45
8577.0,4060.8542
1025.0,2348.5496
856.0,1381.0691
486.0,1965.9988
95477.0,81128.02
434.0,2077.3425
1092.0,4791.3154
2694.0,5165.546
16318.0,14482.315
20746.0,11879.966
73512.0,244336.2
2340.0,2781.612
70536.0,90146.95
479104.0,855306.7
177731.0,176625.5
127.0,1428.1238
309.0,-753.3488
429.0,4972.003
1357.0,2094.4363
668.0,564.05743
3614.0,2248.198
10385.000000000004,8559.897
2858.0,4124.7373
95.0,527.6746
3245.0,5132.4287
6029.0,6002.167
424.0,415.56525
8667.0,19142.238
1159.0,2254.155
645.0,592.2801
60116.0,39085.902
15586.0,10372.12
162237.00000000003,207064.02
782.0,1375.2097
77705.0,81665.26
2069.0,1403.2566
2552.0,4453.3857
3635.0,3205.9285
8105.0,13148.8
1888.0,3282.4167
1181.0,5029.6006
3989.0,2464.4636
6274.0,4355.042
1520.0,5151.413
25484.0,19740.955
667.0,1150.7097
430606.0,366830.38
11827.999999999996,5718.4717
14381.0,21685.84
2748.0,3622.452
0.0,-426.43085
45268.0,45475.066
134309.0,155832.27
256417.99999999997,221891.67
1184.0,3832.577
24072.0,16111.149
191721.0,74176.625
89289.0,169302.4
24773.0,32009.07
2943.0,5447.5146
8234.0,9394.394
154564.0,100318.52
688.0,6420.718
25108.0,41369.438
923.0,1735.8308
344.0,752.2879
4659.0,7090.909
25450.0,16089.862
1568.0,3748.0808
9262.000000000004,20383.924
177697.0,187286.95
3299.0,4307.323
1334.0,3777.0378
433.0,2208.2683
10319.0,9800.741
1109.0,1731.1082
680.0,2057.784
2353.0,3035.3503
6646.0,9091.198
5859.0,2487.6355
2431.0,2442.2214
4394.0,6634.991
1171.0,3083.8347
192061.0,352283.3
806.0,1687.3582
429929.0,281695.78
1220.0,1793.4792
1888.0,1589.9441
4488.0,2597.3308
1450.0,854.32697
64691.0,34045.41
5477.0,5804.909
269022.0,302357.97
2433.0,1243.7214
1523.0,398.06134
1245.0,1141.1589
53673.0,13272.411
2051.0,1724.1511
1183.0,3472.944
1424.0,2695.4636
5491.0,1203.1785
4530.0,4875.1045
1211.0,2241.1902
15933.0,5363.925
45095.0,64150.465
144839.0,159765.27
572.0,-387.25897
2856.0,3421.5925
521.0,1205.8777
587666.0,369947.78
582.0,1738.9597
1755.0,2741.5457
1619.0,-307.01678
98907.0,97385.56
113627.0,78352.26
1535.0,1727.2253
10529.000000000004,6839.706
1183.0,2055.0378
13330.0,7712.5654
36155.0,48363.695
61340.0,54604.562
5804.0,9658.2295
7828.0,15333.132
2307.0,3938.6785
73071.0,54839.76
1007.0,967.7762
29369.0,55586.625
167690.0,137628.73
83257.0,90730.23
1402.0,892.366
94962.0,63383.438
886.0,-396.45428
31523.0,39717.52
660.0,-358.25507
345.0,875.9207
4953.0,6973.042
129379.0,119202.02
985.0,1613.8152
1257.0,3653.487
817.0,1004.37384
4228.0,7945.921
164288.00000000003,196869.08
7304.0,7011.55
626.0,-1594.2981
454976.0,447560.0
1227.0,895.8035
1063.0,-515.3996
68226.0,68860.54
1341.0,7882.4287
1407.0,2127.2058
789.0,440.87775
7161.0,5548.3545
4425.0,4672.8857
21274.0,15610.763
1457.0,2812.9207
148748.0,157794.61
441984.0,405472.62
3564.0,9420.0205
66016.0,70580.82
14795.0,3833.5847
1934.0,-49.321472
21124.0,14286.093
2720.0,6618.7803
254.0,-842.3527
6096.0,6104.663
1367.0,-359.44257
81776.0,93273.62
10445.999999999996,11173.2
88379.0,105098.68
11179.0,13627.989
1519.0,3009.5886
7430.0,5916.5693
6650.0,4509.1904
6925.0,10777.958
7096.0,4555.542
1582.0,780.8504
150852.0,169776.64
308014.0,307490.06
10846.0,18225.033
2988.0,4235.3506
20871.0,22864.078
1060.0,47.846497
105390.0,123820.62
312.0,2515.2332
1516.0,378.64728
2007.0,2219.323
1718.0,8406.937
2863.0,7131.9014
216403.0,166740.25
1903.0,2393.7683
3542.0,3151.444
4328.0,-1177.2083
1553.0,3270.8035
5764.0,3962.0808
5229.0,3465.5457
24576.0,18825.729
6040.0,8834.616
16284.0,13317.007
420.0,-199.05975
3570.0,2968.7644
1046.0,779.5301
2596.0,7681.202
2192.0,1290.2136
5737.0,6121.921
3043.0,10282.19
1239.0,1933.5925
788.0,368.8465
86099.0,73556.875
2575.0,178.3504
3101.0,2935.1511
3572.0,5273.249
206526.0,211465.98
9459.000000000004,18181.586
10799.999999999996,18018.074
977.0,3050.8738
30203.0,34166.363
4540.0,4641.675
2462.0,5662.288
542.0,-184.49335
4602.0,3411.3425
45944.0,65998.43
38300.0,16882.414
158903.0,125280.6
2962.0,2061.8074
0.0,5518.616
1576.0,1880.5183
107054.0,121315.53
1480.0,1747.6199
193991.0,266150.56
1769.0,-191.66132
8598.0,10781.405
1878.0,3462.8152
54000.0,72806.695
165055.00000000003,211121.8
2765.0,4216.0615
8511.0,6192.323
5041.0,4383.37
30642.0,70076.375
228615.0,275831.47
20615.0,21996.82
36059.0,35301.895
1154.0,1348.6316
8394.0,8546.394
917.0,2161.155
30110.0,39392.387
4214.0,2646.7917
694.0,516.95197
11425.0,16630.756
911.0,322.26056
627.0,3787.0613
2465.0,6467.8193
1525.0,1587.573
2213.0,3916.1785
15483.0,11082.614
2793.0,5626.3506
1907.0,862.51056
69845.0,126349.414
703.0,748.82306
2262.0,803.5223
1286.0,1913.3191
8410.0,5757.534
1933.0,3900.5535
16937.0,40492.047
1309.0,1206.4246
2125.0,7925.7803
105061.0,118552.07
7155.0,5883.917
5896.0,4602.5537
1885.0,1564.6667
9327.0,18835.98
4402.0,5149.8545
14742.0,16243.589
3544.0,6001.5576
14182.0,8294.929
8562.0,11004.769
1451.0,1479.7214
55643.0,66916.54
2680.0,4614.5225
425307.0,264812.25
30763.0,33476.082
1084.0,3184.1394
4006.0,6254.202
6981.0,4795.132
29500.0,19627.14
3632.0,5927.0264
13726.0,8954.706
3463.0,5690.4834
2580.0,2779.487
9374.0,10057.735
581920.0,547353.6
6792.0,7016.6006
1901.0,2467.452
1176.0,2632.6667
3666.0,5679.077
1067.0,2120.6355
1729.0,2565.155
2326.0,4418.745
2367.0,4952.8154
10865.0,17740.84
581.0,543.1004
4587.0,4988.675
2511.0,18860.887
146.0,1025.4128
4079.0,5246.8623
8922.0,8235.526
98855.0,226816.44
2841.0,8382.901
2235.0,2758.3464
52297.0,58678.062
1334.0,3086.7527
1307.0,1192.5613
4908.0,5599.749
8459.0,6652.0146
3173.0,4647.343
1974.0,-1375.6067
6101.0,4600.4014
1020.0,1371.866
231571.0,221737.77
1894.0,2036.4402
531.0,1525.655
1113.0,3014.7488
0.0,1356.4949
2942.0,2152.827
130089.0,186350.73
1365.0,2995.1277
101733.0,87589.43
333.0,1004.2098
35701.0,85107.336
1972.0,2170.2644
124953.0,83024.91
38487.0,48185.66
253232.0,300863.38
2014.0,5138.6904
11224.0,8355.952
33341.0,31369.11
162.0,1947.6472
4037.0,4078.6199
2625.0,3377.0613
626.0,1369.2332
2091.0,3636.112
1359.0,3268.1746
206562.0,145129.02
9339.0,11473.815
1160.0,2221.4597
845.0,-575.7277
904.0,1807.1082
183286.0,129031.305
24992.0,25373.863
1157.0,109.59259
6692.0,6972.7295
5349.0,4919.2607
12024.999999999996,6004.452
